0.0779,0.0200,0.8739,-0.949558,-0.004796,-0.000197,-0.313555,
0.0779,0.0200,0.8724,-0.949556,-0.004807,-0.000190,-0.313561,
0.0779,0.0200,0.8717,-0.949549,-0.004804,-0.000192,-0.313581,
0.0779,0.0200,0.8728,-0.949548,-0.004818,-0.000193,-0.313584,
0.0779,0.0200,0.8757,-0.949541,-0.004801,-0.000197,-0.313607,
0.0779,0.0200,0.8776,-0.949540,-0.004811,-0.000191,-0.313610,
0.0779,0.0200,0.8789,-0.949530,-0.004814,-0.000183,-0.313638,
0.0779,0.0200,0.8792,-0.949527,-0.004824,-0.000181,-0.313649,
0.0779,0.0200,0.8792,-0.949523,-0.004830,-0.000178,-0.313661,
0.0779,0.0200,0.8781,-0.949518,-0.004817,-0.000180,-0.313677,
0.0779,0.0200,0.8781,-0.949510,-0.004832,-0.000181,-0.313699,
0.0779,0.0200,0.8788,-0.949512,-0.004828,-0.000182,-0.313695,
0.0779,0.0200,0.8783,-0.949510,-0.004834,-0.000189,-0.313701,
0.0779,0.0200,0.8762,-0.949503,-0.004813,-0.000189,-0.313720,
0.0779,0.0200,0.8762,-0.949501,-0.004819,-0.000206,-0.313727,
0.0779,0.0200,0.8770,-0.949492,-0.004810,-0.000202,-0.313755,
0.0779,0.0200,0.8788,-0.949487,-0.004808,-0.000206,-0.313769,
0.0779,0.0200,0.8808,-0.949480,-0.004804,-0.000206,-0.313792,
0.0779,0.0200,0.8809,-0.949484,-0.004786,-0.000208,-0.313780,
0.0779,0.0200,0.8823,-0.949471,-0.004800,-0.000199,-0.313819,
0.0779,0.0200,0.8833,-0.949473,-0.004787,-0.000200,-0.313813,
0.0779,0.0200,0.8837,-0.949460,-0.004807,-0.000207,-0.313852,
0.0779,0.0200,0.8825,-0.949464,-0.004797,-0.000199,-0.313840,
0.0779,0.0200,0.8820,-0.949450,-0.004817,-0.000210,-0.313882,
0.0779,0.0200,0.8817,-0.949451,-0.004811,-0.000213,-0.313880,
0.0779,0.0200,0.8816,-0.949446,-0.004825,-0.000220,-0.313894,
0.0779,0.0200,0.8821,-0.949439,-0.004817,-0.000221,-0.313914,
0.0779,0.0200,0.8827,-0.949444,-0.004807,-0.000216,-0.313901,
0.0779,0.0200,0.8831,-0.949431,-0.004809,-0.000219,-0.313938,
0.0779,0.0200,0.8837,-0.949434,-0.004806,-0.000213,-0.313930,
0.0779,0.0200,0.8844,-0.949426,-0.004802,-0.000216,-0.313954,
0.0779,0.0200,0.8846,-0.949424,-0.004803,-0.000221,-0.313961,
0.0779,0.0200,0.8834,-0.949416,-0.004805,-0.000206,-0.313984,
0.0779,0.0200,0.8824,-0.949416,-0.004803,-0.000212,-0.313984,
0.0779,0.0200,0.8818,-0.949409,-0.004801,-0.000212,-0.314006,
0.0779,0.0200,0.8814,-0.949408,-0.004794,-0.000219,-0.314007,
0.0779,0.0200,0.8806,-0.949398,-0.004801,-0.000217,-0.314040,
0.0779,0.0200,0.8776,-0.949396,-0.004789,-0.000226,-0.314045,
0.0779,0.0200,0.8744,-0.949387,-0.004788,-0.000221,-0.314073,
0.0779,0.0200,0.8739,-0.949386,-0.004790,-0.000227,-0.314075,
0.0779,0.0200,0.8726,-0.949380,-0.004804,-0.000242,-0.314094,
0.0779,0.0200,0.8706,-0.949377,-0.004798,-0.000241,-0.314103,
0.0779,0.0200,0.8689,-0.949373,-0.004792,-0.000244,-0.314114,
0.0779,0.0200,0.8675,-0.949369,-0.004797,-0.000242,-0.314125,
0.0779,0.0200,0.8667,-0.949365,-0.004787,-0.000233,-0.314140,
0.0779,0.0200,0.8663,-0.949361,-0.004782,-0.000237,-0.314152,
0.0779,0.0200,0.8661,-0.949359,-0.004792,-0.000239,-0.314158,
0.0779,0.0200,0.8662,-0.949352,-0.004788,-0.000243,-0.314178,
0.0779,0.0200,0.8663,-0.949349,-0.004790,-0.000245,-0.314188,
0.0779,0.0200,0.8670,-0.949341,-0.004774,-0.000244,-0.314213,
0.0779,0.0200,0.8685,-0.949340,-0.004778,-0.000233,-0.314215,
0.0779,0.0200,0.8711,-0.949332,-0.004777,-0.000232,-0.314238,
0.0779,0.0200,0.8722,-0.949332,-0.004782,-0.000251,-0.314238,
0.0779,0.0200,0.8725,-0.949321,-0.004789,-0.000252,-0.314273,
0.0779,0.0200,0.8725,-0.949323,-0.004787,-0.000257,-0.314267,
0.0779,0.0200,0.8724,-0.949316,-0.004787,-0.000245,-0.314287,
0.0779,0.0200,0.8719,-0.949315,-0.004793,-0.000247,-0.314290,
0.0779,0.0200,0.8704,-0.949308,-0.004791,-0.000242,-0.314311,
0.0779,0.0200,0.8663,-0.949302,-0.004773,-0.000234,-0.314331,
0.0779,0.0200,0.8662,-0.949293,-0.004778,-0.000231,-0.314358,
0.0779,0.0200,0.8682,-0.949290,-0.004773,-0.000237,-0.314366,
0.0779,0.0200,0.8684,-0.949289,-0.004787,-0.000239,-0.314369,
0.0779,0.0200,0.8682,-0.949287,-0.004780,-0.000229,-0.314375,
0.0779,0.0200,0.8691,-0.949286,-0.004792,-0.000222,-0.314377,
0.0779,0.0200,0.8710,-0.949277,-0.004802,-0.000229,-0.314406,
0.0779,0.0200,0.8715,-0.949278,-0.004795,-0.000231,-0.314402,
0.0779,0.0200,0.8678,-0.949271,-0.004800,-0.000226,-0.314422,
0.0779,0.0200,0.8669,-0.949273,-0.004800,-0.000215,-0.314418,
0.0779,0.0200,0.8672,-0.949263,-0.004796,-0.000213,-0.314447,
0.0779,0.0200,0.8678,-0.949266,-0.004792,-0.000211,-0.314439,
0.0779,0.0200,0.8688,-0.949257,-0.004797,-0.000216,-0.314466,
0.0779,0.0200,0.8698,-0.949254,-0.004793,-0.000219,-0.314475,
0.0779,0.0200,0.8700,-0.949253,-0.004792,-0.000220,-0.314477,
0.0779,0.0200,0.8698,-0.949246,-0.004779,-0.000210,-0.314498,
0.0779,0.0200,0.8694,-0.949248,-0.004783,-0.000208,-0.314494,
0.0779,0.0200,0.8677,-0.949238,-0.004788,-0.000208,-0.314522,
0.0779,0.0200,0.8649,-0.949235,-0.004785,-0.000208,-0.314533,
0.0779,0.0200,0.8647,-0.949227,-0.004780,-0.000205,-0.314555,
0.0779,0.0200,0.8642,-0.949227,-0.004790,-0.000192,-0.314556,
0.0779,0.0200,0.8640,-0.949216,-0.004777,-0.000189,-0.314588,
0.0779,0.0200,0.8642,-0.949218,-0.004779,-0.000187,-0.314582,
0.0779,0.0200,0.8652,-0.949209,-0.004780,-0.000174,-0.314611,
0.0779,0.0200,0.8680,-0.949209,-0.004778,-0.000163,-0.314611,
0.0779,0.0200,0.8728,-0.949198,-0.004792,-0.000156,-0.314644,
0.0779,0.0200,0.8744,-0.949201,-0.004792,-0.000161,-0.314635,
0.0779,0.0200,0.8752,-0.949194,-0.004795,-0.000152,-0.314654,
0.0779,0.0200,0.8763,-0.949193,-0.004789,-0.000147,-0.314658,
0.0779,0.0200,0.8770,-0.949188,-0.004798,-0.000147,-0.314673,
0.0779,0.0200,0.8750,-0.949180,-0.004785,-0.000138,-0.314698,
0.0779,0.0200,0.8739,-0.949177,-0.004785,-0.000134,-0.314706,
0.0779,0.0200,0.8733,-0.949170,-0.004789,-0.000129,-0.314729,
0.0779,0.0200,0.8760,-0.949171,-0.004800,-0.000131,-0.314725,
0.0779,0.0200,0.8787,-0.949165,-0.004793,-0.000130,-0.314741,
0.0779,0.0200,0.8802,-0.949168,-0.004797,-0.000127,-0.314734,
0.0779,0.0200,0.8796,-0.949158,-0.004794,-0.000116,-0.314765,
0.0779,0.0200,0.8796,-0.949163,-0.004799,-0.000115,-0.314748,
0.0779,0.0200,0.8797,-0.949150,-0.004816,-0.000112,-0.314786,
0.0779,0.0200,0.8792,-0.949148,-0.004808,-0.000111,-0.314792,
0.0779,0.0200,0.8789,-0.949138,-0.004805,-0.000113,-0.314823,
0.0779,0.0200,0.8824,-0.949137,-0.004792,-0.000122,-0.314826,
0.0779,0.0200,0.8844,-0.949131,-0.004803,-0.000123,-0.314845,
0.0779,0.0200,0.8860,-0.949130,-0.004797,-0.000117,-0.314848,
0.0779,0.0200,0.8888,-0.949124,-0.004795,-0.000115,-0.314867,
0.0779,0.0200,0.8901,-0.949119,-0.004789,-0.000119,-0.314883,
0.0779,0.0200,0.8870,-0.949109,-0.004791,-0.000111,-0.314912,
0.0779,0.0200,0.8844,-0.949105,-0.004787,-0.000115,-0.314925,
0.0779,0.0200,0.8830,-0.949105,-0.004780,-0.000112,-0.314924,
0.0779,0.0200,0.8830,-0.949096,-0.004790,-0.000112,-0.314952,
0.0779,0.0200,0.8843,-0.949094,-0.004794,-0.000101,-0.314958,
0.0779,0.0200,0.8856,-0.949081,-0.004794,-0.000096,-0.314996,
0.0779,0.0200,0.8880,-0.949080,-0.004810,-0.000087,-0.314998,
0.0779,0.0200,0.8897,-0.949073,-0.004803,-0.000086,-0.315021,
0.0779,0.0200,0.8902,-0.949074,-0.004807,-0.000086,-0.315015,
0.0779,0.0200,0.8908,-0.949066,-0.004802,-0.000077,-0.315041,
0.0779,0.0200,0.8909,-0.949068,-0.004803,-0.000081,-0.315036,
0.0779,0.0200,0.8916,-0.949054,-0.004803,-0.000077,-0.315076,
0.0779,0.0200,0.8922,-0.949053,-0.004809,-0.000073,-0.315081,
0.0779,0.0200,0.8930,-0.949044,-0.004816,-0.000073,-0.315106,
0.0779,0.0200,0.8942,-0.949041,-0.004801,-0.000069,-0.315115,
0.0779,0.0200,0.8955,-0.949031,-0.004805,-0.000067,-0.315147,
0.0779,0.0200,0.8959,-0.949031,-0.004791,-0.000064,-0.315147,
0.0779,0.0200,0.8963,-0.949024,-0.004790,-0.000062,-0.315167,
0.0779,0.0200,0.8962,-0.949025,-0.004790,-0.000069,-0.315166,
0.0779,0.0200,0.8956,-0.949021,-0.004808,-0.000066,-0.315176,
0.0779,0.0200,0.8950,-0.949013,-0.004805,-0.000068,-0.315200,
0.0779,0.0200,0.8951,-0.949007,-0.004809,-0.000072,-0.315217,
0.0779,0.0200,0.8975,-0.949001,-0.004799,-0.000069,-0.315236,
0.0779,0.0200,0.8994,-0.949002,-0.004796,-0.000068,-0.315234,
0.0779,0.0200,0.9004,-0.948989,-0.004776,-0.000052,-0.315273,
0.0779,0.0200,0.9008,-0.948992,-0.004770,-0.000050,-0.315264,
0.0779,0.0200,0.9008,-0.948984,-0.004784,-0.000052,-0.315287,
0.0779,0.0200,0.9000,-0.948984,-0.004787,-0.000045,-0.315287,
0.0779,0.0200,0.8976,-0.948980,-0.004806,-0.000040,-0.315301,
0.0779,0.0200,0.8954,-0.948974,-0.004788,-0.000037,-0.315317,
0.0779,0.0200,0.8934,-0.948968,-0.004809,-0.000035,-0.315337,
0.0779,0.0200,0.8917,-0.948961,-0.004789,-0.000034,-0.315357,
0.0779,0.0200,0.8892,-0.948962,-0.004800,-0.000019,-0.315355,
0.0779,0.0200,0.8874,-0.948948,-0.004789,-0.000012,-0.315395,
0.0779,0.0200,0.8856,-0.948953,-0.004778,-0.000003,-0.315383,
0.0779,0.0200,0.8853,-0.948945,-0.004788,-0.000006,-0.315407,
0.0779,0.0200,0.8854,-0.948949,-0.004768,-0.000011,-0.315393,
0.0779,0.0200,0.8842,-0.948947,-0.004775,-0.000010,-0.315400,
0.0779,0.0200,0.8829,-0.948941,-0.004789,-0.000021,-0.315419,
0.0779,0.0200,0.8846,-0.948934,-0.004790,-0.000017,-0.315438,
0.0779,0.0200,0.8840,-0.948933,-0.004787,-0.000015,-0.315442,
0.0779,0.0200,0.8836,-0.948929,-0.004779,-0.000012,-0.315453,
0.0779,0.0200,0.8857,-0.948928,-0.004789,-0.000014,-0.315456,
0.0779,0.0200,0.8868,-0.948924,-0.004792,-0.000020,-0.315469,
0.0779,0.0200,0.8887,-0.948916,-0.004800,-0.000016,-0.315493,
0.0779,0.0200,0.8904,-0.948913,-0.004805,-0.000019,-0.315501,
0.0779,0.0200,0.8908,-0.948905,-0.004795,-0.000023,-0.315524,
0.0779,0.0200,0.8906,-0.948901,-0.004821,-0.000028,-0.315537,
0.0779,0.0200,0.8914,-0.948895,-0.004811,-0.000021,-0.315556,
0.0779,0.0200,0.8917,-0.948891,-0.004820,-0.000014,-0.315567,
0.0779,0.0200,0.8921,-0.948885,-0.004812,-0.000009,-0.315587,
0.0779,0.0200,0.8945,-0.948884,-0.004809,-0.000010,-0.315587,
0.0779,0.0200,0.8959,-0.948878,-0.004805,-0.000011,-0.315607,
0.0779,0.0200,0.8975,-0.948872,-0.004792,-0.000000,-0.315626,
0.0779,0.0200,0.8968,-0.948870,-0.004785,0.000003,-0.315631,
0.0779,0.0200,0.8959,-0.948864,-0.004797,-0.000000,-0.315648,
0.0779,0.0200,0.8962,-0.948860,-0.004802,0.000005,-0.315661,
0.0779,0.0200,0.8970,-0.948858,-0.004801,0.000004,-0.315666,
0.0779,0.0200,0.8991,-0.948851,-0.004796,0.000010,-0.315687,
0.0779,0.0200,0.8995,-0.948846,-0.004820,-0.000000,-0.315702,
0.0779,0.0200,0.8998,-0.948840,-0.004807,0.000004,-0.315720,
0.0779,0.0200,0.9008,-0.948837,-0.004814,0.000004,-0.315730,
0.0779,0.0200,0.9009,-0.948829,-0.004797,0.000004,-0.315754,
0.0779,0.0200,0.9006,-0.948830,-0.004791,0.000003,-0.315751,
0.0779,0.0200,0.9011,-0.948822,-0.004796,0.000003,-0.315774,
0.0779,0.0200,0.9011,-0.948817,-0.004786,-0.000001,-0.315791,
0.0779,0.0200,0.8999,-0.948814,-0.004797,0.000001,-0.315799,
0.0779,0.0200,0.8975,-0.948806,-0.004792,-0.000005,-0.315822,
0.0779,0.0200,0.8967,-0.948805,-0.004802,-0.000001,-0.315827,
0.0779,0.0200,0.8963,-0.948800,-0.004795,-0.000001,-0.315842,
0.0779,0.0200,0.8967,-0.948801,-0.004793,0.000005,-0.315838,
0.0779,0.0200,0.8971,-0.948793,-0.004784,0.000008,-0.315863,
0.0779,0.0200,0.8990,-0.948793,-0.004779,0.000005,-0.315863,
0.0779,0.0200,0.9018,-0.948786,-0.004800,0.000001,-0.315883,
0.0779,0.0200,0.9033,-0.948787,-0.004813,-0.000016,-0.315880,
0.0779,0.0200,0.9033,-0.948782,-0.004819,-0.000015,-0.315896,
0.0779,0.0200,0.9010,-0.948776,-0.004823,-0.000028,-0.315914,
0.0779,0.0200,0.9008,-0.948768,-0.004834,-0.000024,-0.315938,
0.0779,0.0200,0.8995,-0.948767,-0.004832,-0.000028,-0.315939,
0.0779,0.0200,0.8996,-0.948761,-0.004850,-0.000032,-0.315957,
0.0779,0.0200,0.8995,-0.948758,-0.004855,-0.000041,-0.315965,
0.0779,0.0200,0.8996,-0.948756,-0.004860,-0.000044,-0.315973,
0.0779,0.0200,0.8981,-0.948750,-0.004865,-0.000038,-0.315989,
0.0779,0.0200,0.8976,-0.948746,-0.004859,-0.000040,-0.316002,
0.0779,0.0200,0.8979,-0.948737,-0.004869,-0.000040,-0.316029,
0.0779,0.0200,0.8978,-0.948736,-0.004872,-0.000045,-0.316032,
0.0779,0.0200,0.8972,-0.948733,-0.004874,-0.000042,-0.316042,
0.0779,0.0200,0.8975,-0.948733,-0.004863,-0.000046,-0.316042,
0.0779,0.0200,0.8990,-0.948727,-0.004847,-0.000046,-0.316060,
0.0779,0.0200,0.9004,-0.948724,-0.004857,-0.000044,-0.316068,
0.0779,0.0200,0.8999,-0.948717,-0.004847,-0.000043,-0.316089,
0.0779,0.0200,0.8980,-0.948717,-0.004848,-0.000035,-0.316089,
0.0779,0.0200,0.8983,-0.948712,-0.004858,-0.000027,-0.316104,
0.0779,0.0200,0.8984,-0.948711,-0.004848,-0.000026,-0.316108,
0.0779,0.0200,0.9012,-0.948710,-0.004858,-0.000014,-0.316111,
0.0779,0.0200,0.9028,-0.948705,-0.004842,-0.000007,-0.316126,
0.0779,0.0200,0.9034,-0.948702,-0.004857,-0.000011,-0.316134,
0.0779,0.0200,0.9033,-0.948694,-0.004855,-0.000009,-0.316159,
0.0779,0.0200,0.9056,-0.948692,-0.004868,-0.000005,-0.316165,
0.0779,0.0200,0.9071,-0.948686,-0.004866,-0.000005,-0.316183,
0.0779,0.0200,0.9065,-0.948685,-0.004867,0.000002,-0.316184,
0.0779,0.0200,0.9044,-0.948679,-0.004872,0.000006,-0.316203,
0.0779,0.0200,0.9034,-0.948677,-0.004878,0.000006,-0.316211,
0.0779,0.0200,0.9037,-0.948669,-0.004871,-0.000001,-0.316234,
0.0779,0.0200,0.9036,-0.948665,-0.004863,-0.000013,-0.316245,
0.0779,0.0200,0.9037,-0.948664,-0.004860,-0.000009,-0.316249,
0.0779,0.0200,0.9058,-0.948661,-0.004851,-0.000011,-0.316257,
0.0779,0.0200,0.9082,-0.948656,-0.004860,-0.000014,-0.316272,
0.0779,0.0200,0.9113,-0.948655,-0.004852,-0.000010,-0.316276,
0.0779,0.0200,0.9118,-0.948648,-0.004845,-0.000010,-0.316298,
0.0779,0.0200,0.9103,-0.948644,-0.004853,-0.000016,-0.316307,
0.0779,0.0200,0.9109,-0.948641,-0.004840,-0.000010,-0.316319,
0.0779,0.0200,0.9103,-0.948634,-0.004845,-0.000012,-0.316340,
0.0779,0.0200,0.9106,-0.948628,-0.004837,-0.000025,-0.316357,
0.0779,0.0200,0.9111,-0.948624,-0.004843,-0.000032,-0.316370,
0.0779,0.0200,0.9114,-0.948622,-0.004851,-0.000028,-0.316374,
0.0779,0.0200,0.9109,-0.948620,-0.004851,-0.000019,-0.316381,
0.0779,0.0200,0.9108,-0.948621,-0.004866,-0.000002,-0.316378,
0.0779,0.0200,0.9104,-0.948611,-0.004855,0.000001,-0.316407,
0.0779,0.0200,0.9103,-0.948607,-0.004874,-0.000003,-0.316419,
0.0779,0.0200,0.9113,-0.948605,-0.004860,-0.000002,-0.316426,
0.0779,0.0200,0.9116,-0.948605,-0.004884,-0.000003,-0.316426,
0.0779,0.0200,0.9113,-0.948600,-0.004874,-0.000003,-0.316439,
0.0779,0.0200,0.9123,-0.948601,-0.004863,-0.000003,-0.316437,
0.0779,0.0200,0.9130,-0.948593,-0.004866,0.000001,-0.316460,
0.0779,0.0200,0.9157,-0.948595,-0.004844,0.000005,-0.316455,
0.0779,0.0200,0.9162,-0.948589,-0.004854,0.000015,-0.316475,
0.0779,0.0200,0.9159,-0.948587,-0.004838,0.000020,-0.316479,
0.0779,0.0200,0.9193,-0.948581,-0.004856,0.000018,-0.316498,
0.0779,0.0200,0.9203,-0.948577,-0.004843,0.000017,-0.316511,
0.0779,0.0200,0.9200,-0.948574,-0.004855,0.000016,-0.316517,
0.0779,0.0200,0.9200,-0.948565,-0.004866,0.000005,-0.316545,
0.0779,0.0200,0.9226,-0.948562,-0.004874,-0.000003,-0.316554,
0.0779,0.0200,0.9244,-0.948557,-0.004859,-0.000001,-0.316570,
0.0779,0.0200,0.9254,-0.948557,-0.004839,-0.000004,-0.316569,
0.0779,0.0200,0.9259,-0.948550,-0.004842,-0.000016,-0.316592,
0.0779,0.0200,0.9268,-0.948544,-0.004821,-0.000028,-0.316610,
0.0779,0.0200,0.9267,-0.948535,-0.004815,-0.000033,-0.316636,
0.0779,0.0200,0.9263,-0.948534,-0.004797,-0.000033,-0.316640,
0.0779,0.0200,0.9263,-0.948532,-0.004793,-0.000037,-0.316647,
0.0779,0.0200,0.9261,-0.948525,-0.004782,-0.000052,-0.316667,
0.0779,0.0200,0.9269,-0.948524,-0.004766,-0.000055,-0.316668,
0.0779,0.0200,0.9294,-0.948515,-0.004784,-0.000070,-0.316695,
0.0779,0.0200,0.9312,-0.948510,-0.004771,-0.000058,-0.316711,
0.0779,0.0200,0.9320,-0.948508,-0.004788,-0.000064,-0.316718,
0.0779,0.0200,0.9333,-0.948503,-0.004773,-0.000066,-0.316732,
0.0779,0.0200,0.9352,-0.948502,-0.004784,-0.000060,-0.316737,
0.0779,0.0200,0.9363,-0.948495,-0.004766,-0.000052,-0.316756,
0.0779,0.0200,0.9361,-0.948491,-0.004768,-0.000056,-0.316769,
0.0779,0.0200,0.9357,-0.948480,-0.004788,-0.000075,-0.316800,
0.0779,0.0200,0.9342,-0.948479,-0.004757,-0.000073,-0.316806,
0.0779,0.0200,0.9355,-0.948480,-0.004795,-0.000075,-0.316800,
0.0779,0.0200,0.9362,-0.948471,-0.004762,-0.000077,-0.316829,
0.0779,0.0200,0.9364,-0.948467,-0.004799,-0.000089,-0.316840,
0.0779,0.0200,0.9368,-0.948460,-0.004780,-0.000086,-0.316862,
0.0779,0.0200,0.9383,-0.948470,-0.004787,-0.000082,-0.316831,
0.0779,0.0200,0.9377,-0.948453,-0.004776,-0.000079,-0.316882,
0.0779,0.0200,0.9368,-0.948458,-0.004768,-0.000066,-0.316867,
0.0779,0.0200,0.9379,-0.948446,-0.004803,-0.000056,-0.316903,
0.0779,0.0200,0.9384,-0.948453,-0.004773,-0.000045,-0.316881,
0.0779,0.0200,0.9396,-0.948447,-0.004806,-0.000050,-0.316900,
0.0779,0.0200,0.9411,-0.948443,-0.004781,-0.000063,-0.316912,
0.0779,0.0200,0.9417,-0.948437,-0.004805,-0.000064,-0.316928,
0.0779,0.0200,0.9440,-0.948434,-0.004798,-0.000063,-0.316939,
0.0779,0.0200,0.9483,-0.948434,-0.004782,-0.000061,-0.316938,
0.0779,0.0200,0.9500,-0.948425,-0.004790,-0.000069,-0.316966,
0.0779,0.0200,0.9506,-0.948426,-0.004777,-0.000075,-0.316962,
0.0779,0.0200,0.9498,-0.948414,-0.004794,-0.000083,-0.316998,
0.0779,0.0200,0.9494,-0.948411,-0.004779,-0.000093,-0.317009,
0.0779,0.0200,0.9486,-0.948405,-0.004787,-0.000087,-0.317024,
0.0779,0.0200,0.9506,-0.948400,-0.004785,-0.000099,-0.317041,
0.0779,0.0200,0.9520,-0.948393,-0.004792,-0.000094,-0.317060,
0.0779,0.0200,0.9525,-0.948393,-0.004800,-0.000092,-0.317061,
0.0779,0.0200,0.9521,-0.948384,-0.004780,-0.000100,-0.317088,
0.0779,0.0200,0.9525,-0.948384,-0.004815,-0.000106,-0.317088,
0.0779,0.0200,0.9519,-0.948377,-0.004805,-0.000111,-0.317110,
0.0779,0.0200,0.9540,-0.948377,-0.004817,-0.000120,-0.317109,
0.0779,0.0200,0.9556,-0.948375,-0.004836,-0.000119,-0.317113,
0.0779,0.0200,0.9558,-0.948366,-0.004813,-0.000113,-0.317140,
0.0779,0.0200,0.9556,-0.948364,-0.004826,-0.000118,-0.317148,
0.0779,0.0200,0.9544,-0.948358,-0.004817,-0.000112,-0.317164,
0.0779,0.0200,0.9543,-0.948358,-0.004841,-0.000107,-0.317166,
0.0779,0.0200,0.9561,-0.948348,-0.004834,-0.000105,-0.317194,
0.0779,0.0200,0.9555,-0.948348,-0.004829,-0.000099,-0.317196,
0.0779,0.0200,0.9549,-0.948339,-0.004821,-0.000099,-0.317222,
0.0779,0.0200,0.9533,-0.948338,-0.004821,-0.000090,-0.317225,
0.0779,0.0200,0.9530,-0.948326,-0.004821,-0.000094,-0.317262,
0.0779,0.0200,0.9527,-0.948328,-0.004819,-0.000100,-0.317255,
0.0779,0.0200,0.9539,-0.948321,-0.004845,-0.000094,-0.317277,
0.0779,0.0200,0.9536,-0.948321,-0.004833,-0.000088,-0.317277,
0.0779,0.0200,0.9534,-0.948322,-0.004850,-0.000091,-0.317273,
0.0779,0.0200,0.9543,-0.948315,-0.004822,-0.000093,-0.317293,
0.0779,0.0200,0.9558,-0.948314,-0.004821,-0.000097,-0.317297,
0.0779,0.0200,0.9561,-0.948302,-0.004820,-0.000098,-0.317332,
0.0779,0.0200,0.9546,-0.948368,-0.004844,-0.000123,-0.317136,
0.0779,0.0200,0.9551,-0.948347,-0.004848,-0.000130,-0.317199,
0.0779,0.0200,0.9556,-0.948359,-0.004819,-0.000174,-0.317164,
0.0779,0.0200,0.9567,-0.948177,-0.004750,-0.000270,-0.317708,
0.0779,0.0200,0.9590,-0.947955,-0.004644,-0.000423,-0.318370,
0.0779,0.0200,0.9598,-0.947551,-0.004551,-0.000983,-0.319570,
0.0779,0.0200,0.9612,-0.947443,-0.004685,-0.001525,-0.319888,
0.0779,0.0200,0.9631,-0.947257,-0.004936,-0.003253,-0.320420,
0.0779,0.0200,0.9641,-0.947208,-0.003682,-0.006391,-0.320534,
0.0779,0.0200,0.9656,-0.947304,-0.001237,-0.013116,-0.320066,
0.0779,0.0200,0.9667,-0.947368,0.000616,-0.020045,-0.319517,
0.0779,0.0200,0.9676,-0.947419,0.001578,-0.023159,-0.319153,
0.0779,0.0200,0.9680,-0.947709,0.002892,-0.027855,-0.317906,
0.0779,0.0200,0.9675,-0.948565,0.003442,-0.030316,-0.315108,
0.0779,0.0200,0.9700,-0.949229,0.003093,-0.030047,-0.313134,
0.0779,0.0200,0.9711,-0.950784,0.001830,-0.026728,-0.308695,
0.0779,0.0200,0.9732,-0.951227,0.001054,-0.024793,-0.307492,
0.0779,0.0200,0.9738,-0.951257,-0.000309,-0.021846,-0.307623,
0.0779,0.0200,0.9738,-0.950338,-0.000878,-0.021060,-0.310505,
0.0779,0.0200,0.9746,-0.949671,-0.000645,-0.021479,-0.312510,
0.0779,0.0200,0.9779,-0.948038,0.000127,-0.023376,-0.317296,
0.0779,0.0200,0.9799,-0.946291,0.000980,-0.025545,-0.322303,
0.0779,0.0200,0.9810,-0.945510,0.001315,-0.026262,-0.324530,
0.0779,0.0200,0.9820,-0.944276,0.001622,-0.026817,-0.328056,
0.0779,0.0200,0.9826,-0.943207,0.001735,-0.026774,-0.331119,
0.0779,0.0200,0.9816,-0.942702,0.001763,-0.026523,-0.332575,
0.0779,0.0200,0.9835,-0.942048,0.001800,-0.026240,-0.334447,
0.0779,0.0200,0.9849,-0.941517,0.001978,-0.026378,-0.335925,
0.0779,0.0200,0.9847,-0.940943,0.002091,-0.026850,-0.337493,
0.0779,0.0200,0.9862,-0.940853,0.002106,-0.027129,-0.337722,
0.0779,0.0200,0.9877,-0.941025,0.002287,-0.027826,-0.337183,
0.0779,0.0200,0.9883,-0.941485,0.002304,-0.027913,-0.335890,
0.0779,0.0200,0.9911,-0.941765,0.002260,-0.027794,-0.335113,
0.0779,0.0200,0.9937,-0.942275,0.001916,-0.027070,-0.333738,
0.0779,0.0200,0.9953,-0.942571,0.001448,-0.025734,-0.333010,
0.0779,0.0200,0.9955,-0.942630,0.001074,-0.024806,-0.332914,
0.0779,0.0200,0.9944,-0.942448,0.000511,-0.023276,-0.333542,
0.0779,0.0200,0.9953,-0.941991,0.000211,-0.022422,-0.334887,
0.0779,0.0200,0.9961,-0.941640,0.000231,-0.022179,-0.335891,
0.0779,0.0200,0.9961,-0.941214,0.000387,-0.022190,-0.337081,
0.0779,0.0200,0.9962,-0.941074,0.000238,-0.022045,-0.337482,
0.0779,0.0200,0.9954,-0.941115,0.000118,-0.021609,-0.337396,
0.0779,0.0200,0.9948,-0.941367,-0.000573,-0.020370,-0.336770,
0.0779,0.0200,0.9945,-0.941619,-0.000860,-0.019942,-0.336089,
0.0779,0.0200,0.9939,-0.941749,-0.000778,-0.020151,-0.335712,
0.0779,0.0200,0.9926,-0.941860,-0.000255,-0.021481,-0.335319,
0.0779,0.0200,0.9912,-0.941609,0.000533,-0.023103,-0.335913,
0.0779,0.0200,0.9916,-0.941365,0.000764,-0.023508,-0.336570,
0.0779,0.0200,0.9927,-0.940864,0.000681,-0.022852,-0.338013,
0.0779,0.0200,0.9925,-0.940638,-0.000319,-0.020188,-0.338810,
0.0779,0.0200,0.9926,-0.940612,-0.001133,-0.018174,-0.338994,
0.0781,0.0200,0.9937,-0.940492,-0.002245,-0.015553,-0.339452,
0.0781,0.0201,0.9940,-0.940326,-0.002589,-0.014641,-0.339951,
0.0779,0.0200,0.9928,-0.939917,-0.002654,-0.014117,-0.341102,
0.0780,0.0200,0.9935,-0.939639,-0.002521,-0.014464,-0.341852,
0.0780,0.0200,0.9935,-0.939556,-0.002417,-0.014623,-0.342075,
0.0778,0.0201,0.9936,-0.939682,-0.002746,-0.013909,-0.341755,
0.0773,0.0201,0.9924,-0.939989,-0.003441,-0.012215,-0.340968,
0.0769,0.0203,0.9929,-0.940190,-0.004083,-0.010694,-0.340459,
0.0766,0.0204,0.9932,-0.940301,-0.004301,-0.010181,-0.340165,
0.0764,0.0207,0.9935,-0.940794,-0.004204,-0.010326,-0.338797,
0.0763,0.0212,0.9937,-0.941293,-0.004055,-0.010931,-0.337390,
0.0568,0.0108,0.8610,-0.941488,-0.003966,-0.011226,-0.336836,
0.0420,0.0027,0.6735,-0.941699,-0.003662,-0.011579,-0.336238,
-0.0107,-0.0235,0.4931,-0.941691,-0.003654,-0.011453,-0.336264,
11.1391,4.3824,0.5032,-0.941557,-0.003861,-0.010436,-0.336670,
19.9270,7.8741,0.5430,-0.941426,-0.004272,-0.009062,-0.337071,
24.0309,9.5049,0.4862,-0.941400,-0.004602,-0.008195,-0.337161,
32.7677,13.0384,0.5470,-0.941466,-0.005215,-0.006953,-0.336996,
38.6024,15.3839,0.5894,-0.941575,-0.005735,-0.005527,-0.336710,
41.7110,16.6419,0.5392,-0.941537,-0.006079,-0.004600,-0.336824,
46.6593,18.6871,0.5997,-0.941492,-0.006157,-0.004455,-0.336951,
50.1404,20.1097,0.6283,-0.941425,-0.006160,-0.004387,-0.337138,
51.6721,20.7364,0.6018,-0.941441,-0.006125,-0.004521,-0.337092,
54.9534,21.9603,0.6342,-0.941514,-0.006016,-0.004859,-0.336885,
57.0923,22.7653,0.6560,-0.941599,-0.005897,-0.005260,-0.336644,
58.0385,23.1221,0.6338,-0.941630,-0.005805,-0.005504,-0.336554,
60.2319,23.9243,0.6585,-0.941637,-0.005744,-0.005729,-0.336532,
61.6383,24.4220,0.6730,-0.941608,-0.005741,-0.005747,-0.336613,
62.2624,24.6438,0.6527,-0.941620,-0.005773,-0.005670,-0.336579,
63.9331,25.3042,0.6772,-0.941706,-0.005954,-0.005307,-0.336342,
65.0243,25.7478,0.6930,-0.941874,-0.006094,-0.004862,-0.335876,
65.6028,25.9840,0.6689,-0.942012,-0.006258,-0.004236,-0.335495,
66.7066,26.4260,0.6972,-0.942013,-0.006388,-0.003848,-0.335495,
67.4761,26.7364,0.7078,-0.941884,-0.006631,-0.002987,-0.335859,
67.8194,26.8753,0.6931,-0.941785,-0.006844,-0.002441,-0.336138,
68.7264,27.2360,0.7079,-0.941659,-0.007131,-0.001732,-0.336488,
69.2343,27.4293,0.7135,-0.941569,-0.007385,-0.001162,-0.336738,
69.4861,27.5255,0.7000,-0.941493,-0.007453,-0.000848,-0.336950,
69.6283,27.5812,0.6686,-0.941464,-0.007482,-0.000728,-0.337030,
69.6905,27.5843,0.6412,-0.941396,-0.007557,-0.000539,-0.337217,
69.7198,27.5822,0.6124,-0.941308,-0.007603,-0.000370,-0.337463,
70.6818,27.9486,0.6612,-0.941282,-0.007666,-0.000243,-0.337535,
71.4213,28.2163,0.7036,-0.941299,-0.007816,0.000091,-0.337484,
71.7924,28.3389,0.7062,-0.941342,-0.007981,0.000488,-0.337360,
72.1949,28.4858,0.7239,-0.941363,-0.008064,0.000696,-0.337297,
72.4702,28.5844,0.7308,-0.941373,-0.008203,0.001143,-0.337267,
72.5809,28.6197,0.7222,-0.941362,-0.008287,0.001361,-0.337295,
72.9368,28.7473,0.7364,-0.941325,-0.008439,0.001754,-0.337392,
73.1797,28.8209,0.7466,-0.941265,-0.008528,0.001906,-0.337556,
73.2544,28.7935,0.7411,-0.941224,-0.008480,0.001836,-0.337671,
73.4422,28.8316,0.7437,-0.941116,-0.008383,0.001641,-0.337978,
73.5805,28.8735,0.7437,-0.941074,-0.008343,0.001526,-0.338093,
73.6421,28.8780,0.7353,-0.941072,-0.008326,0.001487,-0.338100,
73.8116,28.9255,0.7383,-0.941051,-0.008208,0.001365,-0.338162,
73.9324,28.9645,0.7400,-0.941086,-0.008159,0.001222,-0.338067,
74.0494,28.9698,0.7329,-0.941131,-0.008132,0.001107,-0.337942,
74.2437,29.0064,0.7379,-0.941263,-0.008040,0.000866,-0.337579,
74.3624,29.0381,0.7410,-0.941254,-0.008076,0.001102,-0.337601,
74.4436,29.0337,0.7354,-0.941209,-0.008172,0.001393,-0.337723,
74.6034,29.0502,0.7421,-0.941145,-0.008466,0.002225,-0.337891,
74.7063,29.0735,0.7468,-0.941067,-0.008896,0.003184,-0.338090,
74.7555,29.0653,0.7405,-0.941038,-0.009261,0.004182,-0.338148,
74.8122,29.0670,0.7418,-0.941038,-0.009382,0.004460,-0.338140,
74.9011,29.0858,0.7500,-0.941005,-0.009454,0.004636,-0.338228,
74.9332,29.0638,0.7467,-0.941011,-0.009416,0.004622,-0.338214,
74.9543,29.0356,0.7476,-0.941049,-0.009468,0.004654,-0.338105,
75.0103,29.0353,0.7534,-0.941170,-0.009572,0.004665,-0.337766,
75.0020,29.0431,0.7498,-0.941231,-0.009522,0.004555,-0.337599,
74.9315,29.0528,0.7514,-0.941238,-0.009522,0.004501,-0.337579,
74.9409,29.0651,0.7586,-0.941235,-0.009496,0.004412,-0.337590,
74.9370,29.0673,0.7566,-0.941187,-0.009470,0.004272,-0.337727,
74.8342,29.0118,0.7552,-0.941144,-0.009414,0.004209,-0.337849,
74.8017,28.9866,0.7550,-0.941095,-0.009437,0.004121,-0.337987,
74.8043,28.9856,0.7504,-0.941120,-0.009417,0.004114,-0.337916,
74.6417,28.9473,0.7516,-0.941287,-0.009468,0.004262,-0.337447,
74.5842,28.9299,0.7571,-0.941497,-0.009563,0.004647,-0.336853,
74.5649,28.9266,0.7553,-0.941574,-0.009658,0.005113,-0.336629,
74.5102,28.9049,0.7548,-0.941530,-0.009693,0.005392,-0.336748,
74.4850,28.8898,0.7560,-0.941370,-0.009834,0.006201,-0.337177,
74.4853,28.8893,0.7531,-0.941288,-0.010078,0.006789,-0.337385,
74.4604,28.8659,0.7488,-0.941202,-0.010698,0.008181,-0.337577,
74.4457,28.8276,0.7554,-0.941225,-0.011205,0.009332,-0.337465,
74.4482,28.8204,0.7545,-0.941255,-0.011348,0.009683,-0.337368,
74.3922,28.7917,0.7517,-0.941267,-0.011258,0.009509,-0.337340,
74.2243,28.7052,0.7538,-0.941301,-0.010947,0.008818,-0.337275,
74.1864,28.6858,0.7520,-0.941309,-0.010817,0.008466,-0.337266,
74.1514,28.6768,0.7491,-0.941314,-0.010587,0.007957,-0.337273,
73.9577,28.6312,0.7595,-0.941295,-0.010543,0.007742,-0.337331,
73.9094,28.6217,0.7604,-0.941258,-0.010575,0.007842,-0.337432,
73.8944,28.6212,0.7589,-0.941219,-0.010620,0.008021,-0.337535,
73.5378,28.4805,0.7605,-0.941135,-0.010717,0.008291,-0.337760,
73.4320,28.4393,0.7593,-0.940991,-0.010749,0.008474,-0.338155,
73.3530,28.4142,0.7570,-0.940912,-0.010744,0.008564,-0.338373,
73.0882,28.3444,0.7597,-0.940817,-0.010836,0.008800,-0.338626,
72.9735,28.3149,0.7595,-0.940758,-0.010804,0.008892,-0.338789,
72.9320,28.3066,0.7582,-0.940735,-0.010755,0.008839,-0.338858,
72.7276,28.3313,0.7630,-0.940739,-0.010664,0.008580,-0.338855,
72.6215,28.3482,0.7643,-0.940753,-0.010653,0.008294,-0.338824,
72.5807,28.3586,0.7639,-0.940741,-0.010636,0.008165,-0.338861,
72.3963,28.3430,0.7607,-0.940732,-0.010490,0.007847,-0.338898,
72.2609,28.3254,0.7585,-0.940769,-0.010401,0.007627,-0.338802,
72.2105,28.3224,0.7566,-0.940782,-0.010317,0.007470,-0.338773,
72.0937,28.3123,0.7545,-0.940776,-0.010167,0.007183,-0.338799,
71.9818,28.2999,0.7530,-0.940723,-0.010057,0.006919,-0.338957,
71.9385,28.2975,0.7515,-0.940674,-0.010077,0.006884,-0.339093,
71.9118,28.2852,0.7541,-0.940630,-0.010170,0.007104,-0.339206,
71.6697,28.1459,0.7559,-0.940631,-0.010228,0.007240,-0.339200,
71.6060,28.1090,0.7557,-0.940579,-0.010228,0.007175,-0.339345,
71.5556,28.0561,0.7653,-0.940468,-0.010007,0.006642,-0.339671,
71.4798,27.9826,0.7693,-0.940393,-0.009792,0.006078,-0.339894,
71.4510,27.9526,0.7708,-0.940342,-0.009714,0.005807,-0.340042,
71.4474,27.9444,0.7702,-0.940250,-0.009606,0.005475,-0.340305,
71.4272,28.0800,0.7696,-0.940320,-0.009628,0.005498,-0.340112,
71.4198,28.1472,0.7692,-0.940367,-0.009675,0.005561,-0.339979,
71.4276,28.1916,0.7666,-0.940446,-0.009759,0.005640,-0.339758,
71.2667,28.0375,0.7653,-0.940451,-0.009797,0.005844,-0.339739,
71.1581,27.9317,0.7646,-0.940435,-0.009852,0.005990,-0.339777,
71.1184,27.8888,0.7644,-0.940414,-0.010010,0.006311,-0.339827,
71.0244,27.9000,0.7643,-0.940430,-0.010046,0.006450,-0.339778,
70.9388,27.9268,0.7642,-0.940467,-0.010082,0.006654,-0.339669,
70.9039,27.9454,0.7644,-0.940501,-0.010058,0.006570,-0.339579,
70.8533,27.9386,0.7646,-0.940554,-0.009975,0.006221,-0.339441,
70.7422,27.9066,0.7647,-0.940563,-0.009955,0.006093,-0.339419,
70.6917,27.8972,0.7628,-0.940556,-0.009867,0.005770,-0.339447,
70.6716,27.8875,0.7613,-0.940558,-0.009862,0.005636,-0.339442,
70.5482,27.7847,0.7607,-0.940602,-0.009758,0.005392,-0.339327,
70.4858,27.7293,0.7622,-0.940600,-0.009738,0.005339,-0.339337,
70.4756,27.7154,0.7638,-0.940585,-0.009729,0.005425,-0.339375,
70.2032,27.6083,0.7645,-0.940590,-0.009763,0.005508,-0.339358,
70.0356,27.5434,0.7649,-0.940647,-0.009843,0.005689,-0.339196,
69.9949,27.5287,0.7651,-0.940679,-0.009946,0.005884,-0.339102,
69.8745,27.4908,0.7655,-0.940662,-0.009961,0.005986,-0.339146,
69.7617,27.4585,0.7646,-0.940601,-0.009965,0.006066,-0.339314,
69.7407,27.4583,0.7624,-0.940586,-0.009949,0.006013,-0.339357,
69.6890,27.5285,0.7616,-0.940595,-0.009915,0.005889,-0.339334,
69.6138,27.6385,0.7624,-0.940640,-0.009901,0.005778,-0.339214,
69.5975,27.6704,0.7639,-0.940645,-0.009850,0.005648,-0.339204,
69.5374,27.6766,0.7650,-0.940614,-0.009822,0.005610,-0.339289,
69.3054,27.6383,0.7680,-0.940564,-0.009793,0.005666,-0.339427,
69.2429,27.6246,0.7719,-0.940556,-0.009836,0.005790,-0.339446,
69.2229,27.6226,0.7744,-0.940559,-0.010024,0.006226,-0.339425,
69.0964,27.6088,0.7746,-0.940590,-0.010266,0.006777,-0.339322,
69.0668,27.6129,0.7727,-0.940629,-0.010402,0.007130,-0.339204,
69.0175,27.5912,0.7726,-0.940630,-0.010439,0.007204,-0.339197,
68.7560,27.4211,0.7733,-0.940625,-0.010383,0.007132,-0.339214,
68.6578,27.3672,0.7666,-0.940641,-0.010314,0.006966,-0.339175,
68.6114,27.3413,0.7637,-0.940654,-0.010301,0.006919,-0.339141,
68.3715,27.2873,0.7636,-0.940698,-0.010279,0.006860,-0.339021,
68.2542,27.2611,0.7643,-0.940708,-0.010294,0.006844,-0.338992,
68.2014,27.2515,0.7656,-0.940703,-0.010310,0.006798,-0.339008,
67.9462,27.1341,0.7667,-0.940737,-0.010266,0.006649,-0.338916,
67.7964,27.0669,0.7664,-0.940766,-0.010239,0.006599,-0.338839,
67.7267,27.0370,0.7666,-0.940823,-0.010275,0.006825,-0.338673,
67.5975,27.0466,0.7673,-0.940890,-0.010409,0.007174,-0.338477,
67.4738,27.0671,0.7665,-0.940890,-0.010459,0.007303,-0.338473,
67.4451,27.0765,0.7667,-0.940884,-0.010477,0.007342,-0.338489,
67.2584,27.0222,0.7674,-0.940891,-0.010468,0.007304,-0.338469,
67.0233,26.9502,0.7663,-0.940897,-0.010466,0.007256,-0.338454,
66.9140,26.9249,0.7631,-0.940905,-0.010388,0.007084,-0.338438,
66.8209,26.9305,0.7629,-0.940933,-0.010388,0.007072,-0.338361,
66.5396,26.9511,0.7679,-0.940919,-0.010467,0.007104,-0.338396,
66.4637,26.9551,0.7723,-0.940894,-0.010469,0.007057,-0.338466,
66.4145,26.9567,0.7752,-0.940864,-0.010395,0.007015,-0.338552,
66.1029,26.9316,0.7729,-0.940875,-0.010430,0.007119,-0.338519,
65.9559,26.9376,0.7659,-0.940933,-0.010544,0.007462,-0.338347,
65.9191,26.9440,0.7645,-0.940967,-0.010697,0.007828,-0.338238,
65.6440,26.8944,0.7647,-0.940932,-0.010723,0.007968,-0.338333,
65.5526,26.8795,0.7654,-0.940925,-0.010740,0.008005,-0.338351,
65.5136,26.8764,0.7668,-0.940952,-0.010750,0.008043,-0.338273,
65.4297,26.7713,0.7676,-0.940967,-0.010756,0.008013,-0.338232,
65.3518,26.6730,0.7666,-0.940995,-0.010666,0.007771,-0.338163,
65.3375,26.6490,0.7672,-0.941012,-0.010547,0.007463,-0.338128,
65.1280,26.6186,0.7675,-0.941025,-0.010497,0.007335,-0.338094,
64.9959,26.6067,0.7668,-0.941068,-0.010460,0.007176,-0.337981,
64.9428,26.6038,0.7673,-0.941086,-0.010451,0.007106,-0.337930,
64.7165,26.5304,0.7665,-0.941084,-0.010431,0.007133,-0.337938,
64.5237,26.4660,0.7637,-0.941080,-0.010446,0.007238,-0.337945,
64.4451,26.4407,0.7631,-0.941075,-0.010575,0.007646,-0.337946,
64.3293,26.3851,0.7650,-0.941092,-0.010717,0.008027,-0.337887,
64.2121,26.3209,0.7682,-0.941090,-0.010781,0.008177,-0.337884,
64.1590,26.2913,0.7710,-0.941084,-0.010848,0.008411,-0.337895,
64.0811,26.2148,0.7720,-0.941097,-0.010892,0.008465,-0.337855,
63.8852,26.0119,0.7718,-0.941136,-0.010874,0.008398,-0.337749,
63.8351,25.9571,0.7728,-0.941143,-0.010736,0.008145,-0.337740,
63.8022,25.9317,0.7735,-0.941178,-0.010666,0.007873,-0.337651,
63.5518,25.8605,0.7668,-0.941222,-0.010626,0.007790,-0.337533,
63.4286,25.8264,0.7644,-0.941215,-0.010751,0.007867,-0.337545,
63.3985,25.8213,0.7639,-0.941295,-0.010717,0.007950,-0.337323,
63.1456,25.9375,0.7622,-0.941368,-0.010688,0.007952,-0.337118,
63.0610,25.9795,0.7624,-0.941320,-0.010712,0.008120,-0.337248,
63.0288,26.0002,0.7633,-0.941194,-0.010782,0.008463,-0.337588,
62.7826,25.9558,0.7617,-0.941191,-0.010840,0.008642,-0.337592,
62.6651,25.9302,0.7621,-0.941217,-0.011095,0.009083,-0.337499,
62.6124,25.9209,0.7635,-0.941234,-0.011198,0.009452,-0.337437,
62.4612,25.8580,0.7619,-0.941247,-0.011202,0.009539,-0.337398,
62.3608,25.8140,0.7620,-0.941211,-0.011224,0.009573,-0.337497,
62.3152,25.7941,0.7632,-0.941138,-0.011210,0.009540,-0.337703,
62.1612,25.7829,0.7642,-0.941139,-0.011184,0.009554,-0.337701,
62.0181,25.7740,0.7655,-0.941157,-0.011235,0.009652,-0.337646,
61.9504,25.7726,0.7674,-0.941141,-0.011308,0.009852,-0.337682,
61.8293,25.7564,0.7668,-0.941150,-0.011336,0.009969,-0.337652,
61.6559,25.7243,0.7668,-0.941154,-0.011450,0.010264,-0.337627,
61.5717,25.7104,0.7680,-0.941126,-0.011614,0.010664,-0.337688,
61.4884,25.6925,0.7671,-0.941128,-0.011668,0.010839,-0.337675,
61.2542,25.6204,0.7669,-0.941130,-0.011729,0.011037,-0.337661,
61.1364,25.5848,0.7681,-0.941140,-0.011807,0.011187,-0.337625,
61.1151,25.5851,0.7671,-0.941161,-0.011777,0.011102,-0.337572,
60.9027,25.6041,0.7670,-0.941143,-0.011694,0.010851,-0.337631,
60.7840,25.6164,0.7683,-0.941087,-0.011567,0.010610,-0.337799,
60.7621,25.6296,0.7674,-0.941090,-0.011510,0.010502,-0.337798,
60.6132,25.5094,0.7671,-0.941095,-0.011490,0.010364,-0.337787,
60.4971,25.4108,0.7684,-0.941083,-0.011498,0.010295,-0.337824,
60.4718,25.3872,0.7694,-0.941086,-0.011480,0.010286,-0.337817,
60.3212,25.3711,0.7707,-0.941085,-0.011490,0.010343,-0.337817,
60.1390,25.3582,0.7729,-0.941084,-0.011485,0.010341,-0.337821,
60.1060,25.3712,0.7703,-0.941079,-0.011471,0.010304,-0.337835,
60.0382,25.3350,0.7686,-0.941041,-0.011425,0.010287,-0.337944,
59.8860,25.2217,0.7692,-0.941015,-0.011422,0.010200,-0.338018,
59.8493,25.1936,0.7699,-0.941029,-0.011386,0.010089,-0.337983,
59.8145,25.1617,0.7710,-0.941050,-0.011390,0.009976,-0.337928,
59.6303,24.9881,0.7730,-0.941044,-0.011377,0.009931,-0.337947,
59.5936,24.9549,0.7704,-0.941036,-0.011372,0.009906,-0.337969,
59.5870,24.9472,0.7686,-0.941021,-0.011379,0.009974,-0.338011,
59.2469,24.9139,0.7691,-0.940997,-0.011406,0.010106,-0.338072,
59.1541,24.9129,0.7678,-0.940981,-0.011430,0.010197,-0.338113,
59.0860,24.9155,0.7674,-0.940970,-0.011530,0.010475,-0.338132,
58.9007,24.8946,0.7683,-0.940970,-0.011643,0.010716,-0.338121,
58.8225,24.8879,0.7694,-0.940962,-0.011669,0.010757,-0.338140,
58.7928,24.8871,0.7707,-0.940952,-0.011678,0.010815,-0.338165,
58.6265,24.7506,0.7728,-0.940999,-0.011715,0.010917,-0.338029,
58.5486,24.6873,0.7702,-0.941040,-0.011755,0.010923,-0.337915,
58.5221,24.6658,0.7686,-0.941089,-0.011734,0.010848,-0.337781,
58.3752,24.6302,0.7690,-0.941044,-0.011782,0.011024,-0.337900,
58.2669,24.6190,0.7657,-0.941016,-0.011848,0.011185,-0.337970,
58.2293,24.6215,0.7636,-0.941015,-0.012046,0.011568,-0.337952,
58.1096,24.5830,0.7637,-0.941027,-0.012205,0.012016,-0.337899,
57.9681,24.5249,0.7664,-0.941021,-0.012234,0.012178,-0.337909,
57.9001,24.4957,0.7698,-0.940984,-0.012227,0.012287,-0.338008,
57.8056,24.4946,0.7720,-0.940954,-0.012216,0.012288,-0.338089,
57.6194,24.5192,0.7697,-0.940925,-0.012202,0.012255,-0.338174,
57.5442,24.5358,0.7683,-0.940940,-0.012155,0.012175,-0.338137,
57.4973,24.5553,0.7690,-0.940957,-0.012140,0.012070,-0.338094,
57.3887,24.6186,0.7678,-0.940984,-0.012030,0.011742,-0.338034,
57.3376,24.6561,0.7675,-0.940997,-0.011886,0.011321,-0.338018,
57.3314,24.6704,0.7685,-0.940998,-0.011750,0.010946,-0.338031,
57.1871,24.5610,0.7695,-0.940992,-0.011709,0.010796,-0.338053,
57.1116,24.5022,0.7707,-0.940995,-0.011620,0.010570,-0.338056,
57.0791,24.4745,0.7729,-0.940988,-0.011611,0.010567,-0.338075,
56.9188,24.3588,0.7703,-0.940975,-0.011666,0.010784,-0.338105,
56.8080,24.2797,0.7685,-0.940975,-0.011803,0.011103,-0.338087,
56.7581,24.2418,0.7689,-0.940972,-0.011861,0.011272,-0.338089,
56.5934,24.2455,0.7696,-0.940945,-0.011971,0.011618,-0.338148,
56.3946,24.2573,0.7712,-0.940923,-0.012055,0.011868,-0.338197,
56.3438,24.2624,0.7727,-0.940934,-0.012084,0.011935,-0.338163,
56.2483,24.2810,0.7717,-0.940959,-0.012164,0.011967,-0.338089,
56.0709,24.3092,0.7689,-0.940950,-0.012104,0.011810,-0.338123,
55.9839,24.3264,0.7687,-0.940929,-0.012061,0.011706,-0.338185,
55.9442,24.3435,0.7693,-0.940921,-0.012006,0.011557,-0.338216,
55.7990,24.4177,0.7674,-0.940990,-0.012030,0.011530,-0.338026,
55.7272,24.4580,0.7677,-0.941024,-0.012044,0.011551,-0.337928,
55.7155,24.4790,0.7675,-0.941064,-0.012103,0.011638,-0.337810,
55.5759,24.3778,0.7643,-0.941097,-0.012128,0.011765,-0.337714,
55.4829,24.3091,0.7633,-0.941126,-0.012220,0.011913,-0.337626,
55.4613,24.2916,0.7640,-0.941121,-0.012209,0.011934,-0.337640,
55.3212,24.2973,0.7683,-0.941057,-0.012143,0.011906,-0.337820,
55.2589,24.3035,0.7706,-0.941005,-0.012077,0.011855,-0.337969,
55.2372,24.3087,0.7727,-0.941010,-0.012105,0.011877,-0.337954,
55.0864,24.3049,0.7685,-0.941091,-0.012226,0.012099,-0.337715,
54.9856,24.2926,0.7684,-0.941150,-0.012348,0.012420,-0.337536,
54.9453,24.2889,0.7693,-0.941150,-0.012377,0.012536,-0.337529,
54.8146,24.2490,0.7703,-0.941140,-0.012379,0.012576,-0.337557,
54.6784,24.2009,0.7718,-0.941113,-0.012324,0.012443,-0.337638,
54.6220,24.1811,0.7735,-0.941107,-0.012301,0.012381,-0.337658,
54.5833,24.1753,0.7688,-0.941105,-0.012236,0.012258,-0.337672,
54.5084,24.1322,0.7686,-0.941095,-0.012193,0.012197,-0.337704,
54.4788,24.1145,0.7695,-0.941063,-0.012119,0.012010,-0.337801,
54.4431,24.1015,0.7704,-0.941095,-0.012109,0.011950,-0.337714,
54.2695,24.0420,0.7718,-0.941215,-0.012260,0.012270,-0.337363,
54.1959,24.0168,0.7734,-0.941271,-0.012426,0.012564,-0.337189,
54.1734,24.0196,0.7719,-0.941269,-0.012546,0.012840,-0.337180,
54.0874,23.7370,0.7726,-0.941206,-0.012490,0.012987,-0.337352,
54.0463,23.5974,0.7739,-0.941126,-0.012529,0.013179,-0.337566,
54.0418,23.5409,0.7720,-0.941004,-0.012697,0.013555,-0.337886,
53.9457,23.4669,0.7726,-0.941000,-0.012775,0.013746,-0.337885,
53.8804,23.4204,0.7738,-0.941092,-0.012934,0.013989,-0.337613,
53.8837,23.4362,0.7657,-0.941128,-0.012934,0.014026,-0.337511,
53.7554,23.3857,0.7643,-0.941132,-0.012903,0.013953,-0.337506,
53.6195,23.3294,0.7647,-0.941110,-0.012736,0.013652,-0.337585,
53.5480,23.2945,0.7685,-0.941055,-0.012663,0.013420,-0.337749,
53.4816,23.2838,0.7707,-0.941105,-0.012562,0.013095,-0.337627,
53.3971,23.2762,0.7728,-0.941133,-0.012501,0.012891,-0.337559,
53.3784,23.2992,0.7685,-0.941104,-0.012409,0.012592,-0.337654,
53.3453,23.2920,0.7684,-0.941084,-0.012339,0.012488,-0.337716,
53.2256,23.2376,0.7693,-0.941065,-0.012279,0.012390,-0.337775,
53.1876,23.2364,0.7640,-0.941021,-0.012338,0.012489,-0.337893,
53.1828,23.2387,0.7634,-0.941013,-0.012449,0.012856,-0.337898,
52.9929,23.1461,0.7640,-0.940999,-0.012521,0.013067,-0.337925,
52.8902,23.0967,0.7650,-0.940942,-0.012670,0.013400,-0.338064,
52.8418,23.0701,0.7668,-0.940930,-0.012723,0.013587,-0.338089,
52.6763,22.9695,0.7684,-0.940941,-0.012740,0.013620,-0.338058,
52.6080,22.9284,0.7695,-0.940957,-0.012751,0.013555,-0.338015,
52.5821,22.9120,0.7710,-0.941011,-0.012705,0.013465,-0.337870,
52.4410,22.8869,0.7733,-0.941047,-0.012724,0.013433,-0.337770,
52.3722,22.8869,0.7718,-0.941069,-0.012705,0.013262,-0.337715,
52.3454,22.8882,0.7723,-0.941031,-0.012602,0.013074,-0.337833,
52.2715,22.7782,0.7740,-0.941011,-0.012572,0.013060,-0.337889,
52.2215,22.6917,0.7728,-0.941016,-0.012615,0.013175,-0.337870,
52.2077,22.6594,0.7723,-0.941021,-0.012645,0.013231,-0.337851,
52.1364,22.6221,0.7735,-0.941022,-0.012752,0.013500,-0.337834,
52.0612,22.6115,0.7684,-0.941014,-0.012852,0.013789,-0.337842,
52.0358,22.6179,0.7645,-0.941022,-0.012896,0.013867,-0.337816,
51.9569,22.5951,0.7643,-0.941010,-0.012863,0.013823,-0.337850,
51.7806,22.5424,0.7627,-0.940966,-0.012791,0.013699,-0.337981,
51.6951,22.5199,0.7621,-0.940941,-0.012667,0.013357,-0.338069,
51.6617,22.5118,0.7629,-0.940943,-0.012609,0.013136,-0.338076,
51.5405,22.4847,0.7620,-0.940954,-0.012456,0.012734,-0.338064,
51.4821,22.4744,0.7619,-0.940937,-0.012287,0.012371,-0.338133,
51.4702,22.4738,0.7631,-0.940918,-0.012221,0.012205,-0.338193,
51.2978,22.2487,0.7671,-0.940864,-0.012152,0.012038,-0.338352,
51.2408,22.1718,0.7697,-0.940842,-0.012162,0.012085,-0.338411,
51.2201,22.1403,0.7718,-0.940843,-0.012195,0.012146,-0.338406,
51.0803,21.9740,0.7716,-0.940843,-0.012252,0.012294,-0.338397,
50.9393,21.8078,0.7721,-0.940840,-0.012264,0.012381,-0.338404,
50.9044,21.7632,0.7733,-0.940830,-0.012278,0.012475,-0.338426,
50.7757,21.6743,0.7659,-0.940835,-0.012306,0.012513,-0.338411,
50.7000,21.6258,0.7612,-0.940887,-0.012375,0.012639,-0.338257,
50.6703,21.6059,0.7600,-0.940919,-0.012427,0.012725,-0.338164,
50.5389,21.5547,0.7619,-0.940952,-0.012487,0.012817,-0.338066,
50.4046,21.5073,0.7642,-0.940904,-0.012480,0.012881,-0.338198,
50.3494,21.4880,0.7661,-0.940871,-0.012497,0.012973,-0.338285,
50.2909,21.4430,0.7623,-0.940847,-0.012598,0.013198,-0.338340,
50.1851,21.3313,0.7593,-0.940854,-0.012724,0.013468,-0.338305,
50.1409,21.2829,0.7588,-0.940837,-0.012796,0.013702,-0.338340,
50.1008,21.2513,0.7593,-0.940778,-0.012861,0.013995,-0.338490,
49.9798,21.1977,0.7603,-0.940764,-0.012884,0.014046,-0.338526,
49.9285,21.1748,0.7616,-0.940772,-0.012898,0.014090,-0.338502,
49.9079,21.1657,0.7636,-0.940795,-0.012848,0.013942,-0.338444,
49.7809,21.1783,0.7651,-0.940785,-0.012705,0.013629,-0.338491,
49.7118,21.1862,0.7673,-0.940785,-0.012644,0.013447,-0.338500,
49.7099,21.2062,0.7649,-0.940791,-0.012531,0.013107,-0.338503,
49.5809,21.1962,0.7632,-0.940786,-0.012519,0.013017,-0.338519,
49.4850,21.1855,0.7636,-0.940776,-0.012522,0.013004,-0.338549,
49.4627,21.1853,0.7644,-0.940773,-0.012584,0.013121,-0.338550,
49.3676,21.0444,0.7656,-0.940784,-0.012670,0.013428,-0.338502,
49.3236,20.9747,0.7669,-0.940798,-0.012742,0.013661,-0.338453,
49.3145,20.9540,0.7661,-0.940819,-0.012917,0.014087,-0.338371,
49.1765,20.9634,0.7631,-0.940840,-0.013064,0.014324,-0.338295,
49.0845,20.9672,0.7632,-0.940844,-0.013107,0.014403,-0.338280,
49.0530,20.9760,0.7628,-0.940804,-0.013066,0.014410,-0.338392,
49.0104,20.9463,0.7618,-0.940756,-0.013017,0.014287,-0.338532,
48.9113,20.8457,0.7625,-0.940729,-0.012931,0.014046,-0.338621,
48.8851,20.8157,0.7647,-0.940792,-0.012929,0.013934,-0.338450,
48.8000,20.7544,0.7688,-0.940829,-0.012932,0.013862,-0.338352,
48.7002,20.6925,0.7711,-0.940808,-0.012900,0.013786,-0.338415,
48.6707,20.6800,0.7696,-0.940746,-0.012843,0.013718,-0.338590,
48.6771,20.6958,0.7648,-0.940735,-0.012857,0.013741,-0.338620,
48.4859,20.6313,0.7641,-0.940741,-0.012898,0.013807,-0.338598,
48.4140,20.6016,0.7667,-0.940726,-0.012948,0.013875,-0.338636,
48.3776,20.5801,0.7715,-0.940706,-0.012944,0.013894,-0.338690,
48.1428,20.5632,0.7757,-0.940670,-0.012939,0.013920,-0.338791,
48.0638,20.5760,0.7734,-0.940676,-0.012976,0.013908,-0.338774,
48.0531,20.6072,0.7671,-0.940694,-0.012956,0.013817,-0.338728,
47.9112,20.6194,0.7651,-0.940696,-0.012878,0.013607,-0.338734,
47.8354,20.6275,0.7640,-0.940689,-0.012774,0.013356,-0.338767,
47.8119,20.6401,0.7624,-0.940689,-0.012726,0.013233,-0.338773,
47.7242,20.6141,0.7627,-0.940693,-0.012680,0.013095,-0.338768,
47.6475,20.5815,0.7648,-0.940704,-0.012725,0.013076,-0.338738,
47.6128,20.5633,0.7680,-0.940703,-0.012739,0.013152,-0.338738,
47.5480,20.5447,0.7711,-0.940681,-0.012759,0.013273,-0.338793,
47.4825,20.5364,0.7707,-0.940654,-0.012801,0.013457,-0.338857,
47.4668,20.5462,0.7684,-0.940665,-0.012818,0.013492,-0.338825,
47.4346,20.5390,0.7685,-0.940666,-0.012833,0.013528,-0.338821,
47.3496,20.5049,0.7670,-0.940647,-0.012838,0.013667,-0.338868,
47.3254,20.5038,0.7639,-0.940649,-0.012862,0.013712,-0.338859,
47.3075,20.5007,0.7634,-0.940661,-0.012898,0.013610,-0.338830,
47.1405,20.4260,0.7652,-0.940664,-0.012878,0.013595,-0.338822,
47.0646,20.3889,0.7682,-0.940669,-0.012845,0.013615,-0.338810,
47.0298,20.3714,0.7712,-0.940696,-0.012878,0.013602,-0.338734,
46.9494,20.1734,0.7708,-0.940729,-0.012878,0.013525,-0.338643,
46.9152,20.0735,0.7684,-0.940672,-0.012863,0.013601,-0.338801,
46.9019,20.0231,0.7685,-0.940623,-0.012859,0.013676,-0.338933,
46.8097,19.9175,0.7681,-0.940580,-0.012907,0.013815,-0.339045,
46.7345,19.8371,0.7670,-0.940588,-0.012945,0.013920,-0.339018,
46.7013,19.7975,0.7677,-0.940580,-0.013031,0.014182,-0.339026,
46.6052,19.8126,0.7654,-0.940543,-0.013083,0.014426,-0.339116,
46.4889,19.8477,0.7604,-0.940536,-0.013082,0.014446,-0.339135,
46.4327,19.8677,0.7589,-0.940536,-0.013087,0.014381,-0.339137,
46.3969,19.8421,0.7592,-0.940546,-0.012989,0.014172,-0.339122,
46.3117,19.7323,0.7600,-0.940545,-0.012915,0.013989,-0.339136,
46.2698,19.6757,0.7617,-0.940542,-0.012761,0.013589,-0.339167,
46.2587,19.6564,0.7646,-0.940565,-0.012679,0.013345,-0.339115,
46.1089,19.6880,0.7677,-0.940576,-0.012673,0.013286,-0.339088,
46.0240,19.7069,0.7711,-0.940580,-0.012666,0.013151,-0.339082,
46.0074,19.7185,0.7719,-0.940549,-0.012675,0.013282,-0.339163,
45.9405,19.7095,0.7717,-0.940508,-0.012751,0.013633,-0.339258,
45.9150,19.7043,0.7728,-0.940495,-0.012804,0.013810,-0.339285,
45.9081,19.7039,0.7743,-0.940508,-0.012915,0.014053,-0.339235,
45.8638,19.6460,0.7657,-0.940524,-0.012930,0.014128,-0.339186,
45.8314,19.6026,0.7643,-0.940514,-0.012904,0.014061,-0.339219,
45.8201,19.5846,0.7646,-0.940499,-0.012788,0.013723,-0.339280,
45.7783,19.5114,0.7621,-0.940530,-0.012674,0.013390,-0.339210,
45.7418,19.4526,0.7624,-0.940551,-0.012637,0.013280,-0.339159,
45.7299,19.4280,0.7634,-0.940586,-0.012597,0.013095,-0.339069,
45.6875,19.3405,0.7617,-0.940595,-0.012578,0.013051,-0.339046,
45.6364,19.2463,0.7621,-0.940605,-0.012607,0.013170,-0.339013,
45.6179,19.2061,0.7632,-0.940593,-0.012705,0.013427,-0.339032,
45.5327,19.1781,0.7650,-0.940549,-0.012792,0.013625,-0.339144,
45.4101,19.1599,0.7665,-0.940523,-0.012837,0.013748,-0.339208,
45.3583,19.1526,0.7681,-0.940506,-0.012914,0.014042,-0.339241,
45.3031,19.1579,0.7664,-0.940504,-0.012976,0.014237,-0.339236,
45.1219,19.1327,0.7670,-0.940500,-0.012976,0.014259,-0.339247,
45.0341,19.1254,0.7674,-0.940495,-0.012980,0.014263,-0.339259,
45.0196,19.1329,0.7666,-0.940493,-0.012964,0.014255,-0.339265,
44.8440,19.0919,0.7672,-0.940486,-0.012984,0.014274,-0.339284,
44.7471,19.0693,0.7689,-0.940481,-0.012998,0.014330,-0.339294,
44.7178,19.0575,0.7723,-0.940484,-0.013006,0.014362,-0.339286,
44.5877,18.9971,0.7748,-0.940492,-0.013038,0.014497,-0.339255,
44.4910,18.9517,0.7777,-0.940501,-0.013081,0.014535,-0.339227,
44.4935,18.9723,0.7713,-0.940494,-0.013075,0.014519,-0.339249,
44.4513,18.8937,0.7693,-0.940484,-0.013090,0.014588,-0.339271,
44.4060,18.8049,0.7696,-0.940472,-0.013097,0.014652,-0.339304,
44.4155,18.8042,0.7647,-0.940417,-0.013079,0.014561,-0.339461,
44.3799,18.8196,0.7632,-0.940390,-0.013069,0.014578,-0.339534,
44.3111,18.8440,0.7638,-0.940354,-0.013088,0.014726,-0.339626,
44.2967,18.8540,0.7645,-0.940359,-0.013125,0.014770,-0.339610,
44.2559,18.8622,0.7657,-0.940353,-0.013122,0.014716,-0.339628,
44.0983,18.8772,0.7677,-0.940335,-0.013024,0.014565,-0.339688,
44.0677,18.8943,0.7664,-0.940325,-0.012995,0.014487,-0.339721,
44.0082,18.9090,0.7671,-0.940316,-0.012924,0.014264,-0.339758,
43.8984,18.9212,0.7684,-0.940350,-0.012874,0.014048,-0.339674,
43.8701,18.9494,0.7641,-0.940372,-0.012866,0.014037,-0.339613,
43.8388,18.9439,0.7631,-0.940409,-0.012920,0.014165,-0.339504,
43.7179,18.8261,0.7637,-0.940459,-0.012969,0.014232,-0.339362,
43.6681,18.7767,0.7645,-0.940458,-0.013004,0.014277,-0.339361,
43.6464,18.7521,0.7663,-0.940401,-0.013031,0.014460,-0.339510,
43.5191,18.6309,0.7677,-0.940372,-0.013137,0.014714,-0.339574,
43.4688,18.5846,0.7664,-0.940375,-0.013262,0.014980,-0.339551,
43.4467,18.5620,0.7670,-0.940374,-0.013298,0.015087,-0.339547,
43.3332,18.5395,0.7682,-0.940356,-0.013339,0.015212,-0.339590,
43.2828,18.5487,0.7640,-0.940335,-0.013304,0.015188,-0.339650,
43.2601,18.5548,0.7630,-0.940337,-0.013296,0.015138,-0.339648,
43.1808,18.5593,0.7636,-0.940362,-0.013231,0.014951,-0.339590,
43.1136,18.5636,0.7644,-0.940359,-0.013149,0.014683,-0.339613,
43.0833,18.5678,0.7661,-0.940354,-0.013109,0.014570,-0.339633,
43.0280,18.5684,0.7676,-0.940373,-0.013076,0.014469,-0.339585,
42.9480,18.5682,0.7693,-0.940387,-0.013063,0.014350,-0.339552,
42.9295,18.5700,0.7707,-0.940377,-0.013039,0.014305,-0.339583,
42.8766,18.5630,0.7723,-0.940334,-0.012968,0.014307,-0.339704,
42.7119,18.5475,0.7701,-0.940300,-0.013018,0.014405,-0.339792,
42.6764,18.5532,0.7682,-0.940295,-0.013055,0.014484,-0.339801,
42.6532,18.5546,0.7683,-0.940308,-0.013126,0.014628,-0.339758,
42.4729,18.5217,0.7693,-0.940314,-0.013189,0.014706,-0.339736,
42.4248,18.5138,0.7704,-0.940318,-0.013190,0.014672,-0.339725,
42.4059,18.5119,0.7722,-0.940341,-0.013114,0.014484,-0.339673,
42.3110,18.5536,0.7699,-0.940350,-0.013012,0.014226,-0.339662,
42.2858,18.5757,0.7682,-0.940348,-0.012952,0.014104,-0.339676,
42.2772,18.5864,0.7684,-0.940356,-0.012894,0.014024,-0.339659,
42.1896,18.4583,0.7674,-0.940348,-0.012938,0.014053,-0.339676,
42.1519,18.3994,0.7669,-0.940347,-0.012980,0.014091,-0.339678,
42.1394,18.3751,0.7676,-0.940339,-0.013000,0.014204,-0.339694,
42.0388,18.3623,0.7693,-0.940327,-0.013015,0.014257,-0.339725,
41.9678,18.3584,0.7714,-0.940299,-0.012984,0.014145,-0.339809,
41.9509,18.3585,0.7731,-0.940260,-0.012865,0.013869,-0.339931,
41.8404,18.3494,0.7721,-0.940213,-0.012784,0.013687,-0.340073,
41.7416,18.3390,0.7718,-0.940193,-0.012740,0.013644,-0.340130,
41.6950,18.3354,0.7730,-0.940190,-0.012776,0.013663,-0.340136,
41.6066,18.3402,0.7700,-0.940191,-0.012830,0.013809,-0.340125,
41.4907,18.3362,0.7682,-0.940196,-0.012868,0.013912,-0.340107,
41.4335,18.3354,0.7686,-0.940206,-0.012937,0.014103,-0.340069,
41.3922,18.3480,0.7672,-0.940207,-0.012970,0.014149,-0.340064,
41.2755,18.3635,0.7668,-0.940203,-0.012954,0.014127,-0.340074,
41.2186,18.3732,0.7679,-0.940214,-0.012909,0.014058,-0.340048,
41.2113,18.3870,0.7649,-0.940245,-0.012892,0.013979,-0.339968,
41.0916,18.2994,0.7631,-0.940262,-0.012868,0.013924,-0.339924,
41.0311,18.2542,0.7633,-0.940278,-0.012855,0.013784,-0.339886,
40.9857,18.2430,0.7671,-0.940257,-0.012846,0.013784,-0.339943,
40.9086,18.2720,0.7687,-0.940249,-0.012867,0.013823,-0.339964,
40.8398,18.2990,0.7714,-0.940246,-0.012880,0.013855,-0.339969,
40.8356,18.3225,0.7692,-0.940233,-0.012912,0.013918,-0.340002,
40.7932,18.3952,0.7678,-0.940216,-0.012898,0.013940,-0.340050,
40.7487,18.4603,0.7682,-0.940194,-0.012899,0.014005,-0.340107,
40.7409,18.4812,0.7691,-0.940187,-0.012881,0.014011,-0.340126,
40.6825,18.4316,0.7702,-0.940187,-0.012886,0.013978,-0.340129,
40.5985,18.3485,0.7722,-0.940184,-0.012862,0.013943,-0.340138,
40.5905,18.3416,0.7696,-0.940178,-0.012862,0.013910,-0.340157,
40.5482,18.3306,0.7679,-0.940172,-0.012832,0.013870,-0.340175,
40.4968,18.3148,0.7684,-0.940143,-0.012817,0.013818,-0.340258,
40.4780,18.3101,0.7692,-0.940144,-0.012822,0.013898,-0.340252,
40.4739,18.3101,0.7704,-0.940163,-0.012873,0.013962,-0.340194,
40.3990,18.2298,0.7722,-0.940177,-0.012913,0.013970,-0.340155,
40.3829,18.2115,0.7725,-0.940113,-0.012865,0.013944,-0.340335,
40.3790,18.2021,0.7717,-0.940078,-0.012835,0.013926,-0.340432,
40.3315,18.1345,0.7726,-0.940071,-0.012802,0.013838,-0.340456,
40.3127,18.1054,0.7739,-0.940095,-0.012767,0.013699,-0.340397,
40.3261,18.1162,0.7694,-0.940095,-0.012743,0.013659,-0.340400,
40.3060,17.9324,0.7682,-0.940074,-0.012692,0.013560,-0.340463,
40.2953,17.8402,0.7688,-0.940058,-0.012678,0.013461,-0.340512,
40.2951,17.8026,0.7695,-0.940056,-0.012668,0.013407,-0.340520,
40.1894,17.7595,0.7709,-0.940041,-0.012619,0.013360,-0.340566,
40.1183,17.7375,0.7723,-0.940026,-0.012611,0.013389,-0.340606,
40.1013,17.7428,0.7702,-0.939995,-0.012624,0.013521,-0.340687,
40.0223,17.7803,0.7645,-0.939999,-0.012707,0.013690,-0.340667,
39.9303,17.8002,0.7638,-0.940026,-0.012798,0.013852,-0.340583,
39.8816,17.8065,0.7663,-0.940031,-0.012820,0.013941,-0.340564,
39.8006,17.8169,0.7688,-0.940028,-0.012830,0.013995,-0.340570,
39.6790,17.8352,0.7708,-0.940022,-0.012819,0.013966,-0.340588,
39.6308,17.8608,0.7692,-0.939994,-0.012809,0.013975,-0.340665,
39.5945,17.8784,0.7677,-0.940013,-0.012861,0.014229,-0.340598,
39.4861,17.8926,0.7680,-0.940025,-0.012910,0.014335,-0.340560,
39.4434,17.9042,0.7676,-0.940075,-0.013065,0.014590,-0.340404,
39.4311,17.9195,0.7666,-0.940104,-0.013147,0.014839,-0.340310,
39.3763,17.8466,0.7672,-0.940104,-0.013195,0.015058,-0.340300,
39.3549,17.8167,0.7672,-0.940096,-0.013263,0.015256,-0.340309,
39.3531,17.8093,0.7664,-0.940101,-0.013313,0.015296,-0.340292,
39.2877,17.7816,0.7672,-0.940110,-0.013339,0.015406,-0.340260,
39.2482,17.7653,0.7682,-0.940120,-0.013368,0.015531,-0.340229,
39.2319,17.7588,0.7700,-0.940105,-0.013380,0.015412,-0.340274,
39.1854,17.7679,0.7715,-0.940074,-0.013334,0.015274,-0.340367,
39.1557,17.7894,0.7697,-0.939972,-0.013235,0.015177,-0.340656,
39.1596,17.8170,0.7651,-0.939933,-0.013302,0.015440,-0.340750,
39.0999,17.8275,0.7637,-0.939947,-0.013384,0.015600,-0.340702,
39.0131,17.8207,0.7651,-0.939992,-0.013616,0.016096,-0.340545,
38.9726,17.8134,0.7678,-0.940003,-0.013822,0.016797,-0.340473,
38.9302,17.8038,0.7706,-0.939994,-0.013913,0.017064,-0.340479,
38.8523,17.7876,0.7701,-0.940008,-0.014094,0.017412,-0.340417,
38.8296,17.7927,0.7677,-0.940054,-0.014193,0.017632,-0.340275,
38.8149,17.7934,0.7677,-0.940059,-0.014205,0.017687,-0.340258,
38.7089,17.7475,0.7663,-0.940061,-0.014204,0.017599,-0.340257,
38.6737,17.7400,0.7632,-0.940066,-0.014106,0.017301,-0.340262,
38.6592,17.7375,0.7628,-0.940061,-0.014057,0.017203,-0.340282,
38.5899,17.7134,0.7635,-0.940051,-0.014009,0.017117,-0.340315,
38.5527,17.7007,0.7644,-0.940048,-0.014017,0.017065,-0.340326,
38.5368,17.6954,0.7662,-0.940039,-0.014026,0.017107,-0.340350,
38.4973,17.6162,0.7676,-0.940006,-0.014076,0.017296,-0.340428,
38.4644,17.5492,0.7691,-0.939988,-0.014141,0.017448,-0.340468,
38.4512,17.5156,0.7712,-0.939977,-0.014151,0.017470,-0.340497,
38.3972,17.4855,0.7705,-0.939960,-0.014141,0.017471,-0.340543,
38.3188,17.4524,0.7677,-0.939917,-0.014088,0.017470,-0.340665,
38.2999,17.4444,0.7679,-0.939911,-0.014107,0.017444,-0.340683,
38.2615,17.4431,0.7674,-0.939913,-0.014117,0.017438,-0.340676,
38.1611,17.4407,0.7664,-0.939895,-0.014123,0.017427,-0.340725,
38.1362,17.4414,0.7670,-0.939881,-0.014091,0.017421,-0.340767,
38.1207,17.4387,0.7669,-0.939881,-0.014102,0.017449,-0.340766,
38.0250,17.3654,0.7662,-0.939923,-0.014147,0.017505,-0.340643,
37.9998,17.3454,0.7669,-0.939925,-0.014156,0.017543,-0.340636,
37.9916,17.3373,0.7683,-0.939876,-0.014173,0.017677,-0.340763,
37.8959,17.2439,0.7701,-0.939849,-0.014229,0.017850,-0.340827,
37.8657,17.2132,0.7717,-0.939861,-0.014294,0.017967,-0.340786,
37.8726,17.2241,0.7670,-0.939871,-0.014448,0.018327,-0.340731,
37.8217,17.2216,0.7636,-0.939856,-0.014545,0.018591,-0.340755,
37.8001,17.2206,0.7629,-0.939854,-0.014562,0.018663,-0.340754,
37.7974,17.2261,0.7622,-0.939855,-0.014612,0.018719,-0.340747,
37.7526,17.3107,0.7611,-0.939833,-0.014525,0.018624,-0.340818,
37.7261,17.3554,0.7617,-0.939811,-0.014472,0.018549,-0.340884,
37.7164,17.3758,0.7628,-0.939790,-0.014432,0.018489,-0.340948,
37.6278,17.3926,0.7673,-0.939807,-0.014454,0.018490,-0.340898,
37.5578,17.4061,0.7697,-0.939809,-0.014504,0.018550,-0.340888,
37.5258,17.4151,0.7723,-0.939804,-0.014499,0.018593,-0.340900,
37.5095,17.4143,0.7683,-0.939788,-0.014513,0.018644,-0.340940,
37.4745,17.3873,0.7674,-0.939766,-0.014479,0.018628,-0.341003,
37.4616,17.3763,0.7679,-0.939750,-0.014476,0.018662,-0.341046,
37.4592,17.4214,0.7611,-0.939734,-0.014488,0.018735,-0.341086,
37.4020,17.4697,0.7586,-0.939732,-0.014503,0.018681,-0.341092,
37.3755,17.4958,0.7584,-0.939731,-0.014504,0.018667,-0.341097,
37.3456,17.4942,0.7628,-0.939736,-0.014485,0.018709,-0.341082,
37.2462,17.5240,0.7669,-0.939741,-0.014475,0.018667,-0.341071,
37.1970,17.5400,0.7704,-0.939732,-0.014403,0.018451,-0.341109,
37.1847,17.5462,0.7727,-0.939707,-0.014325,0.018384,-0.341185,
37.1245,17.5986,0.7749,-0.939723,-0.014367,0.018449,-0.341135,
37.1054,17.6171,0.7768,-0.939744,-0.014402,0.018472,-0.341075,
37.1163,17.6461,0.7739,-0.939778,-0.014461,0.018570,-0.340974,
37.0946,17.6255,0.7657,-0.939707,-0.014464,0.018712,-0.341161,
37.0774,17.6054,0.7643,-0.939671,-0.014487,0.018797,-0.341256,
37.0701,17.5945,0.7653,-0.939656,-0.014565,0.019037,-0.341280,
36.9997,17.5260,0.7684,-0.939662,-0.014628,0.019172,-0.341253,
36.9582,17.4865,0.7704,-0.939666,-0.014736,0.019442,-0.341221,
36.9547,17.4844,0.7688,-0.939684,-0.014786,0.019552,-0.341164,
36.9246,17.4853,0.7637,-0.939685,-0.014769,0.019528,-0.341165,
36.8743,17.4667,0.7633,-0.939670,-0.014695,0.019359,-0.341218,
36.8605,17.4687,0.7619,-0.939659,-0.014551,0.018955,-0.341276,
36.8376,17.4558,0.7613,-0.939660,-0.014388,0.018609,-0.341300,
36.7792,17.4135,0.7618,-0.939652,-0.014357,0.018547,-0.341327,
36.7557,17.3977,0.7620,-0.939655,-0.014334,0.018507,-0.341323,
36.7401,17.3967,0.7610,-0.939661,-0.014408,0.018573,-0.341300,
36.6084,17.3564,0.7617,-0.939653,-0.014444,0.018685,-0.341313,
36.5688,17.3410,0.7638,-0.939624,-0.014521,0.018990,-0.341373,
36.5490,17.3293,0.7673,-0.939573,-0.014577,0.019249,-0.341496,
36.3936,17.3386,0.7695,-0.939549,-0.014629,0.019400,-0.341552,
36.3125,17.3496,0.7710,-0.939551,-0.014701,0.019637,-0.341529,
36.2992,17.3616,0.7707,-0.939555,-0.014745,0.019722,-0.341513,
36.1798,17.3726,0.7715,-0.939547,-0.014759,0.019762,-0.341531,
36.1042,17.3906,0.7709,-0.939549,-0.014714,0.019688,-0.341531,
36.0995,17.4131,0.7680,-0.939555,-0.014695,0.019638,-0.341519,
35.9893,17.4745,0.7678,-0.939543,-0.014661,0.019514,-0.341559,
35.9412,17.5085,0.7674,-0.939529,-0.014630,0.019425,-0.341606,
35.9292,17.5323,0.7662,-0.939538,-0.014642,0.019543,-0.341574,
35.8234,17.5494,0.7669,-0.939546,-0.014706,0.019685,-0.341541,
35.7631,17.5657,0.7657,-0.939560,-0.014796,0.019840,-0.341490,
35.7517,17.5882,0.7628,-0.939543,-0.014811,0.019908,-0.341532,
35.6879,17.5536,0.7624,-0.939467,-0.014890,0.020153,-0.341722,
35.6248,17.5082,0.7631,-0.939426,-0.014950,0.020449,-0.341813,
35.5959,17.4869,0.7644,-0.939410,-0.015058,0.020700,-0.341840,
35.5451,17.4550,0.7658,-0.939400,-0.015124,0.020844,-0.341855,
35.4832,17.4223,0.7650,-0.939398,-0.015155,0.020995,-0.341849,
35.4682,17.4228,0.7621,-0.939379,-0.015158,0.021012,-0.341901,
35.4353,17.4326,0.7622,-0.939367,-0.015133,0.020949,-0.341940,
35.3336,17.4703,0.7619,-0.939366,-0.015053,0.020785,-0.341955,
35.2905,17.5004,0.7608,-0.939374,-0.015022,0.020721,-0.341939,
35.2817,17.5109,0.7615,-0.939377,-0.015025,0.020661,-0.341934,
35.1186,17.5088,0.7609,-0.939382,-0.015040,0.020669,-0.341917,
35.0748,17.5131,0.7606,-0.939377,-0.015067,0.020696,-0.341928,
35.0405,17.5162,0.7616,-0.939347,-0.015113,0.020840,-0.342001,
34.9319,17.5087,0.7638,-0.939330,-0.015189,0.021090,-0.342029,
34.8808,17.5002,0.7670,-0.939324,-0.015271,0.021273,-0.342030,
34.8597,17.4970,0.7693,-0.939314,-0.015315,0.021388,-0.342050,
34.7632,17.4837,0.7685,-0.939291,-0.015366,0.021559,-0.342100,
34.7301,17.4958,0.7641,-0.939281,-0.015390,0.021608,-0.342122,
34.7173,17.5019,0.7630,-0.939280,-0.015413,0.021639,-0.342122,
34.6178,17.5439,0.7623,-0.939294,-0.015396,0.021609,-0.342086,
34.5407,17.5829,0.7610,-0.939293,-0.015381,0.021599,-0.342091,
34.5043,17.6049,0.7615,-0.939274,-0.015344,0.021587,-0.342146,
34.4128,17.6074,0.7627,-0.939252,-0.015339,0.021545,-0.342207,
34.3052,17.6044,0.7641,-0.939249,-0.015346,0.021537,-0.342216,
34.2514,17.6041,0.7662,-0.939250,-0.015378,0.021630,-0.342207,
34.2126,17.6106,0.7663,-0.939273,-0.015420,0.021722,-0.342136,
34.1009,17.6185,0.7655,-0.939257,-0.015400,0.021657,-0.342185,
34.0444,17.6232,0.7664,-0.939216,-0.015364,0.021635,-0.342300,
34.0427,17.6388,0.7650,-0.939166,-0.015370,0.021702,-0.342432,
33.9570,17.6850,0.7624,-0.939167,-0.015427,0.021843,-0.342418,
33.9099,17.7114,0.7622,-0.939170,-0.015475,0.021943,-0.342401,
33.9094,17.7311,0.7606,-0.939161,-0.015525,0.022183,-0.342408,
33.8485,17.7511,0.7575,-0.939143,-0.015574,0.022333,-0.342445,
33.7975,17.7603,0.7570,-0.939137,-0.015632,0.022480,-0.342449,
33.7767,17.7539,0.7598,-0.939179,-0.015690,0.022499,-0.342331,
33.7041,17.7536,0.7649,-0.939191,-0.015659,0.022451,-0.342303,
33.6384,17.7624,0.7691,-0.939172,-0.015565,0.022274,-0.342371,
33.6366,17.7818,0.7680,-0.939159,-0.015440,0.022009,-0.342430,
33.5998,17.8004,0.7638,-0.939171,-0.015419,0.021919,-0.342402,
33.5193,17.7961,0.7629,-0.939203,-0.015430,0.021844,-0.342320,
33.5005,17.7973,0.7634,-0.939211,-0.015462,0.021960,-0.342288,
33.4250,17.7894,0.7644,-0.939181,-0.015494,0.022150,-0.342356,
33.3507,17.7783,0.7658,-0.939168,-0.015508,0.022216,-0.342388,
33.3308,17.7857,0.7649,-0.939141,-0.015574,0.022415,-0.342445,
33.2647,17.7675,0.7619,-0.939158,-0.015660,0.022592,-0.342385,
33.1608,17.7147,0.7620,-0.939172,-0.015692,0.022668,-0.342339,
33.1216,17.6980,0.7616,-0.939181,-0.015712,0.022731,-0.342309,
33.0961,17.6963,0.7606,-0.939159,-0.015669,0.022656,-0.342375,
33.0317,17.6825,0.7613,-0.939154,-0.015650,0.022606,-0.342394,
33.0098,17.6828,0.7612,-0.939152,-0.015623,0.022432,-0.342411,
33.0101,17.6938,0.7605,-0.939133,-0.015581,0.022282,-0.342476,
32.9337,17.6831,0.7612,-0.939117,-0.015548,0.022273,-0.342523,
32.8987,17.6788,0.7623,-0.939113,-0.015552,0.022402,-0.342526,
32.8846,17.6786,0.7640,-0.939169,-0.015659,0.022577,-0.342355,
32.7537,17.6410,0.7655,-0.939190,-0.015708,0.022627,-0.342291,
32.6766,17.6229,0.7658,-0.939148,-0.015710,0.022785,-0.342396,
32.6480,17.6239,0.7654,-0.939088,-0.015766,0.022966,-0.342546,
32.5600,17.6141,0.7662,-0.939089,-0.015787,0.023017,-0.342539,
32.4869,17.6107,0.7663,-0.939109,-0.015881,0.023103,-0.342474,
32.4609,17.6200,0.7655,-0.939121,-0.015882,0.023161,-0.342437,
32.4265,17.6354,0.7663,-0.939137,-0.015912,0.023241,-0.342386,
32.3864,17.6540,0.7674,-0.939147,-0.015893,0.023168,-0.342364,
32.3697,17.6663,0.7691,-0.939155,-0.015882,0.023098,-0.342347,
32.3515,17.6836,0.7707,-0.939153,-0.015797,0.022912,-0.342371,
32.3193,17.7358,0.7704,-0.939130,-0.015738,0.022738,-0.342449,
32.3291,17.7700,0.7675,-0.939152,-0.015686,0.022546,-0.342403,
32.3249,17.7862,0.7671,-0.939154,-0.015654,0.022477,-0.342402,
32.2336,17.8051,0.7658,-0.939115,-0.015570,0.022341,-0.342524,
32.2258,17.8291,0.7627,-0.939060,-0.015490,0.022218,-0.342686,
32.2258,17.8422,0.7621,-0.939047,-0.015467,0.022167,-0.342724,
32.1578,17.7490,0.7640,-0.939052,-0.015456,0.022121,-0.342715,
32.1304,17.7113,0.7669,-0.939057,-0.015465,0.022120,-0.342700,
32.1206,17.6955,0.7692,-0.939054,-0.015448,0.022110,-0.342710,
32.1185,17.5905,0.7695,-0.939043,-0.015432,0.022087,-0.342741,
32.1320,17.5579,0.7671,-0.939044,-0.015432,0.022062,-0.342740,
32.1419,17.5417,0.7672,-0.939065,-0.015425,0.022013,-0.342687,
32.0553,17.5136,0.7668,-0.939077,-0.015427,0.022021,-0.342653,
32.0077,17.5045,0.7658,-0.939076,-0.015422,0.022030,-0.342657,
31.9855,17.5006,0.7665,-0.939055,-0.015402,0.022018,-0.342715,
31.9118,17.4850,0.7653,-0.939051,-0.015425,0.022016,-0.342725,
31.8601,17.4821,0.7624,-0.939072,-0.015452,0.022082,-0.342663,
31.8367,17.4819,0.7621,-0.939120,-0.015526,0.022251,-0.342515,
31.7778,17.4683,0.7627,-0.939074,-0.015527,0.022227,-0.342644,
31.7029,17.4495,0.7637,-0.939037,-0.015514,0.022237,-0.342745,
31.6665,17.4406,0.7654,-0.938962,-0.015532,0.022433,-0.342937,
31.6218,17.4342,0.7668,-0.938956,-0.015680,0.022661,-0.342933,
31.5316,17.4226,0.7683,-0.938953,-0.015703,0.022703,-0.342937,
31.4861,17.4171,0.7704,-0.938913,-0.015732,0.022814,-0.343037,
31.4742,17.4197,0.7702,-0.938885,-0.015700,0.022815,-0.343116,
31.4607,17.4380,0.7605,-0.938897,-0.015690,0.022730,-0.343088,
31.4590,17.4439,0.7587,-0.938956,-0.015613,0.022431,-0.342951,
31.4603,17.4469,0.7589,-0.938966,-0.015472,0.022119,-0.342949,
31.3688,17.4542,0.7622,-0.938948,-0.015349,0.021799,-0.343026,
31.3421,17.4568,0.7642,-0.938937,-0.015307,0.021661,-0.343065,
31.3329,17.4589,0.7660,-0.938921,-0.015281,0.021610,-0.343114,
31.2878,17.4431,0.7624,-0.938906,-0.015338,0.021770,-0.343141,
31.2715,17.4370,0.7617,-0.938902,-0.015388,0.021877,-0.343143,
31.2666,17.4351,0.7621,-0.938915,-0.015505,0.022164,-0.343086,
31.1788,17.4496,0.7659,-0.938907,-0.015629,0.022520,-0.343077,
31.1325,17.4593,0.7683,-0.938889,-0.015676,0.022687,-0.343113,
31.1141,17.4643,0.7703,-0.938862,-0.015752,0.022947,-0.343168,
31.0576,17.5026,0.7646,-0.938858,-0.015806,0.023036,-0.343169,
30.9967,17.5167,0.7627,-0.938864,-0.015864,0.023164,-0.343140,
30.9716,17.5235,0.7626,-0.938845,-0.015906,0.023343,-0.343180,
30.9306,17.5300,0.7633,-0.938824,-0.015918,0.023386,-0.343234,
30.8862,17.5314,0.7644,-0.938829,-0.015959,0.023392,-0.343218,
30.8677,17.5322,0.7658,-0.938878,-0.015971,0.023442,-0.343080,
30.8426,17.5519,0.7677,-0.938886,-0.015964,0.023468,-0.343055,
30.7785,17.6066,0.7692,-0.938848,-0.015936,0.023458,-0.343164,
30.7516,17.6310,0.7709,-0.938795,-0.015949,0.023513,-0.343302,
30.7660,17.6735,0.7673,-0.938771,-0.016034,0.023745,-0.343348,
30.6868,17.6924,0.7666,-0.938745,-0.016088,0.023950,-0.343404,
30.6492,17.7017,0.7671,-0.938700,-0.016181,0.024243,-0.343500,
30.6575,17.7354,0.7629,-0.938693,-0.016227,0.024337,-0.343511,
30.6508,17.6784,0.7616,-0.938699,-0.016271,0.024467,-0.343482,
30.6443,17.6365,0.7619,-0.938684,-0.016225,0.024434,-0.343530,
30.6462,17.6178,0.7629,-0.938657,-0.016122,0.024184,-0.343624,
30.5932,17.6189,0.7642,-0.938647,-0.016078,0.024045,-0.343665,
30.5202,17.6244,0.7661,-0.938647,-0.016016,0.023861,-0.343681,
30.5021,17.6273,0.7675,-0.938652,-0.015990,0.023798,-0.343673,
30.4589,17.6442,0.7691,-0.938650,-0.016001,0.023822,-0.343676,
30.3550,17.6852,0.7713,-0.938654,-0.016075,0.023928,-0.343654,
30.3401,17.7113,0.7700,-0.938646,-0.016121,0.024129,-0.343658,
30.3311,17.7203,0.7703,-0.938630,-0.016173,0.024291,-0.343690,
30.2876,17.6953,0.7719,-0.938612,-0.016283,0.024649,-0.343709,
30.3057,17.7205,0.7668,-0.938634,-0.016440,0.025001,-0.343614,
30.3279,17.7453,0.7629,-0.938645,-0.016515,0.025156,-0.343570,
30.2524,17.7496,0.7624,-0.938657,-0.016604,0.025407,-0.343513,
30.2497,17.7749,0.7583,-0.938660,-0.016602,0.025450,-0.343503,
30.2790,17.8181,0.7507,-0.938655,-0.016578,0.025441,-0.343519,
30.2526,17.8621,0.7476,-0.938652,-0.016563,0.025492,-0.343522,
30.2315,17.8730,0.7485,-0.938657,-0.016589,0.025549,-0.343504,
30.2181,17.8711,0.7511,-0.938667,-0.016706,0.025749,-0.343456,
30.1739,17.8259,0.7535,-0.938674,-0.016810,0.026041,-0.343411,
30.1581,17.8078,0.7530,-0.938686,-0.016874,0.026210,-0.343363,
30.1654,17.8138,0.7508,-0.938701,-0.016955,0.026426,-0.343301,
30.1040,17.8233,0.7506,-0.938664,-0.016949,0.026454,-0.343399,
30.0427,17.8230,0.7525,-0.938626,-0.016995,0.026620,-0.343487,
30.0107,17.8158,0.7556,-0.938615,-0.017040,0.026745,-0.343506,
29.9656,17.7742,0.7585,-0.938614,-0.017110,0.026909,-0.343494,
29.9241,17.7250,0.7603,-0.938608,-0.017165,0.027024,-0.343497,
29.9489,17.7479,0.7529,-0.938597,-0.017176,0.027095,-0.343521,
29.9436,17.7605,0.7516,-0.938585,-0.017141,0.026995,-0.343565,
29.8861,17.7824,0.7531,-0.938589,-0.017036,0.026751,-0.343577,
29.8646,17.7814,0.7560,-0.938596,-0.016978,0.026659,-0.343568,
29.8575,17.7819,0.7582,-0.938596,-0.016879,0.026438,-0.343589,
29.7821,17.7980,0.7584,-0.938577,-0.016815,0.026268,-0.343657,
29.7760,17.8197,0.7561,-0.938558,-0.016797,0.026192,-0.343716,
29.7752,17.8299,0.7559,-0.938522,-0.016745,0.026098,-0.343823,
29.7480,17.7933,0.7566,-0.938484,-0.016709,0.026108,-0.343928,
29.7438,17.7810,0.7547,-0.938452,-0.016704,0.026193,-0.344011,
29.7448,17.7782,0.7550,-0.938375,-0.016776,0.026433,-0.344197,
29.7180,17.7722,0.7559,-0.938303,-0.016820,0.026585,-0.344380,
29.6752,17.7505,0.7607,-0.938113,-0.016841,0.026713,-0.344886,
29.6651,17.7450,0.7631,-0.937816,-0.016783,0.026575,-0.345708,
29.6725,17.7434,0.7652,-0.937557,-0.016701,0.026315,-0.346434,
29.6881,17.7434,0.7676,-0.937134,-0.016518,0.025703,-0.347631,
29.6954,17.7444,0.7694,-0.936663,-0.016284,0.024581,-0.348989,
29.7039,17.7503,0.7714,-0.936471,-0.016046,0.023802,-0.349568,
29.7825,17.8372,0.7610,-0.936265,-0.015420,0.021840,-0.350276,
29.8068,17.8625,0.7591,-0.936314,-0.014571,0.019392,-0.350324,
29.8454,17.8972,0.7604,-0.936452,-0.013816,0.017355,-0.350093,
29.9048,17.9501,0.7630,-0.936538,-0.013438,0.016796,-0.349906,
29.9327,17.9740,0.7652,-0.936842,-0.013016,0.015704,-0.349158,
30.0152,18.0044,0.7673,-0.936954,-0.012762,0.015345,-0.348881,
30.4114,18.1078,0.7663,-0.936835,-0.012518,0.014874,-0.349232,
30.5880,18.1537,0.7669,-0.936341,-0.011938,0.013696,-0.350621,
30.6857,18.1795,0.7689,-0.935940,-0.010787,0.010914,-0.351826,
30.7640,18.2111,0.7702,-0.935803,-0.009954,0.008751,-0.352274,
30.8050,18.2274,0.7723,-0.935752,-0.007710,0.003009,-0.352563,
30.8324,18.2380,0.7757,-0.935958,-0.005115,-0.003942,-0.352052,
30.8866,18.2909,0.7740,-0.936225,-0.003411,-0.008389,-0.351285,
30.9180,18.3212,0.7749,-0.936978,-0.000645,-0.015625,-0.349037,
30.9422,18.3406,0.7777,-0.938364,0.002240,-0.023813,-0.344820,
30.9804,18.3736,0.7792,-0.938912,0.003521,-0.027366,-0.343049,
31.0172,18.4047,0.7815,-0.939378,0.006174,-0.034626,-0.341073,
31.0457,18.4246,0.7851,-0.939000,0.009071,-0.042513,-0.341159,
31.0798,18.4499,0.7861,-0.938616,0.010768,-0.047017,-0.341576,
31.1204,18.4790,0.7883,-0.938020,0.014032,-0.055914,-0.341754,
31.1529,18.4981,0.7921,-0.938164,0.017187,-0.064958,-0.339608,
31.1870,18.5235,0.7902,-0.938609,0.018487,-0.069006,-0.337504,
31.2506,18.5730,0.7913,-0.939982,0.020201,-0.075581,-0.332135,
31.2776,18.5902,0.7931,-0.940763,0.020878,-0.078254,-0.329249,
31.3005,18.6031,0.7940,-0.942243,0.021378,-0.081928,-0.324052,
31.3707,18.6481,0.7953,-0.943700,0.021336,-0.084083,-0.319227,
31.4216,18.6783,0.7977,-0.944415,0.021279,-0.084868,-0.316898,
31.3966,18.6670,0.6688,-0.945840,0.021090,-0.086310,-0.312238,
31.3745,18.6564,0.5470,-0.947099,0.020923,-0.087077,-0.308195,
31.3746,18.6565,0.5090,-0.947581,0.020575,-0.086896,-0.306784,
31.3801,18.6594,0.4879,-0.948412,0.019751,-0.084632,-0.304896,
31.3895,18.6645,0.4710,-0.948940,0.018154,-0.080246,-0.304539,
31.3961,18.6685,0.4616,-0.949274,0.016452,-0.074990,-0.304935,
31.4029,18.6726,0.4532,-0.949338,0.015355,-0.071156,-0.305709,
31.4113,18.6779,0.4428,-0.949008,0.013456,-0.064675,-0.308254,
31.4156,18.6809,0.4352,-0.948004,0.011953,-0.058630,-0.312583,
31.4205,18.6841,0.4278,-0.947333,0.011196,-0.055516,-0.315204,
31.4264,18.6876,0.4178,-0.945754,0.009249,-0.048344,-0.321133,
31.4294,18.6893,0.4103,-0.943711,0.007059,-0.040417,-0.328216,
31.4326,18.6908,0.4027,-0.942645,0.005783,-0.036058,-0.331795,
31.4368,18.6924,0.3924,-0.940556,0.002816,-0.026840,-0.338566,
31.4389,18.6927,0.3847,-0.939630,0.001340,-0.022189,-0.341470,
31.4404,18.6925,0.3768,-0.938343,-0.002096,-0.012632,-0.345468,
31.4426,18.6921,0.3666,-0.937677,-0.004895,-0.002361,-0.347466,
31.4433,18.6915,0.3595,-0.937601,-0.004025,-0.000595,-0.347688,
31.4429,18.6904,0.3506,-0.937315,-0.004221,-0.000904,-0.348457,
31.4439,18.6901,0.3430,-0.937489,-0.004210,-0.000777,-0.347987,
31.4433,18.6893,0.3353,-0.937782,-0.004307,-0.000840,-0.347198,
31.4428,18.6886,0.3288,-0.937820,-0.004353,-0.000837,-0.347093,
31.4427,18.6881,0.3224,-0.937647,-0.004286,-0.000811,-0.347563,
31.4426,18.6875,0.3159,-0.937560,-0.004299,-0.000810,-0.347797,
31.4415,18.6864,0.3075,-0.937364,-0.004351,-0.000882,-0.348324,
31.4410,18.6857,0.3011,-0.937401,-0.004377,-0.000811,-0.348224,
31.4404,18.6848,0.2928,-0.937363,-0.004330,-0.000752,-0.348327,
31.4395,18.6839,0.2866,-0.937397,-0.004356,-0.000787,-0.348236,
31.4387,18.6831,0.2804,-0.937447,-0.004355,-0.000710,-0.348099,
31.4382,18.6822,0.2721,-0.937407,-0.004356,-0.000729,-0.348209,
31.4369,18.6812,0.2660,-0.937422,-0.004376,-0.000727,-0.348167,
31.4365,18.6805,0.2599,-0.937408,-0.004375,-0.000699,-0.348206,
31.4357,18.6794,0.2518,-0.937405,-0.004363,-0.000713,-0.348214,
31.4343,18.6784,0.2458,-0.937411,-0.004365,-0.000689,-0.348196,
31.4335,18.6776,0.2398,-0.937401,-0.004378,-0.000691,-0.348223,
31.4327,18.6765,0.2317,-0.937401,-0.004382,-0.000670,-0.348224,
31.4317,18.6756,0.2258,-0.937396,-0.004367,-0.000662,-0.348238,
31.4306,18.6744,0.2179,-0.937393,-0.004388,-0.000665,-0.348245,
31.4301,18.6736,0.2119,-0.937389,-0.004360,-0.000652,-0.348256,
31.4292,18.6727,0.2061,-0.937389,-0.004382,-0.000655,-0.348257,
31.4275,18.6713,0.1983,-0.937381,-0.004371,-0.000633,-0.348278,
31.4271,18.6705,0.1920,-0.937384,-0.004377,-0.000628,-0.348268,
31.4262,18.6696,0.1865,-0.937376,-0.004381,-0.000615,-0.348292,
31.4246,18.6683,0.1789,-0.937378,-0.004363,-0.000605,-0.348285,
31.4240,18.6674,0.1731,-0.937362,-0.004385,-0.000604,-0.348328,
31.4231,18.6665,0.1673,-0.937364,-0.004371,-0.000587,-0.348324,
31.4216,18.6651,0.1597,-0.937366,-0.004400,-0.000586,-0.348318,
31.4208,18.6641,0.1540,-0.937358,-0.004375,-0.000576,-0.348341,
31.4199,18.6631,0.1483,-0.937366,-0.004390,-0.000570,-0.348317,
31.4182,18.6617,0.1409,-0.937349,-0.004392,-0.000577,-0.348364,
31.4173,18.6607,0.1353,-0.937354,-0.004401,-0.000551,-0.348350,
31.4164,18.6597,0.1296,-0.937346,-0.004407,-0.000557,-0.348373,
31.4145,18.6583,0.1224,-0.937344,-0.004391,-0.000532,-0.348377,
31.4138,18.6573,0.1168,-0.937343,-0.004401,-0.000533,-0.348380,
31.4132,18.6563,0.1110,-0.937335,-0.004388,-0.000535,-0.348403,
31.4114,18.6548,0.1038,-0.937332,-0.004398,-0.000524,-0.348409,
31.4106,18.6538,0.0983,-0.937326,-0.004395,-0.000526,-0.348425,
31.4096,18.6527,0.0927,-0.937325,-0.004379,-0.000513,-0.348430,
31.4080,18.6512,0.0856,-0.937316,-0.004392,-0.000513,-0.348452,
31.4069,18.6501,0.0801,-0.937317,-0.004392,-0.000512,-0.348451,
31.4055,18.6488,0.0737,-0.937313,-0.004407,-0.000512,-0.348461,
31.4039,18.6475,0.0677,-0.937306,-0.004426,-0.000515,-0.348480,
31.4025,18.6464,0.0625,-0.937302,-0.004426,-0.000508,-0.348489,
31.4012,18.6453,0.0572,-0.937300,-0.004429,-0.000506,-0.348496,
31.3995,18.6437,0.0501,-0.937302,-0.004434,-0.000494,-0.348490,
31.3980,18.6426,0.0450,-0.937294,-0.004423,-0.000501,-0.348512,
31.3967,18.6414,0.0397,-0.937293,-0.004428,-0.000502,-0.348515,
31.3949,18.6399,0.0327,-0.937291,-0.004416,-0.000495,-0.348521,
31.3934,18.6387,0.0276,-0.937289,-0.004418,-0.000491,-0.348525,
31.3921,18.6375,0.0224,-0.937286,-0.004421,-0.000485,-0.348532,
31.3904,18.6359,0.0153,-0.937281,-0.004418,-0.000467,-0.348546,
31.3887,18.6347,0.0104,-0.937277,-0.004425,-0.000462,-0.348557,
31.3875,18.6335,0.0051,-0.937273,-0.004436,-0.000454,-0.348568,
31.3857,18.6318,-0.0019,-0.937268,-0.004446,-0.000455,-0.348580,
31.3841,18.6306,-0.0068,-0.937265,-0.004434,-0.000449,-0.348589,
31.3826,18.6294,-0.0119,-0.937267,-0.004442,-0.000425,-0.348583,
31.3810,18.6277,-0.0192,-0.937259,-0.004428,-0.000413,-0.348606,
31.3794,18.6265,-0.0240,-0.937263,-0.004437,-0.000417,-0.348594,
31.3778,18.6252,-0.0291,-0.937254,-0.004435,-0.000416,-0.348620,
31.3761,18.6234,-0.0363,-0.937256,-0.004438,-0.000416,-0.348614,
31.3745,18.6222,-0.0413,-0.937245,-0.004408,-0.000412,-0.348644,
31.3723,18.6206,-0.0478,-0.937248,-0.004410,-0.000403,-0.348634,
31.3706,18.6192,-0.0532,-0.937246,-0.004434,-0.000405,-0.348641,
31.3691,18.6180,-0.0578,-0.937246,-0.004431,-0.000386,-0.348640,
31.3668,18.6164,-0.0641,-0.937244,-0.004446,-0.000386,-0.348647,
31.3651,18.6151,-0.0692,-0.937236,-0.004419,-0.000388,-0.348667,
31.3635,18.6138,-0.0744,-0.937232,-0.004416,-0.000384,-0.348679,
31.3612,18.6121,-0.0808,-0.937226,-0.004405,-0.000384,-0.348694,
31.3595,18.6108,-0.0859,-0.937230,-0.004416,-0.000369,-0.348684,
31.3578,18.6094,-0.0909,-0.937222,-0.004403,-0.000373,-0.348705,
31.3553,18.6078,-0.0972,-0.937227,-0.004404,-0.000367,-0.348693,
31.3535,18.6065,-0.1020,-0.937218,-0.004400,-0.000359,-0.348716,
31.3518,18.6051,-0.1071,-0.937218,-0.004398,-0.000360,-0.348715,
31.3491,18.6036,-0.1130,-0.937213,-0.004397,-0.000351,-0.348731,
31.3474,18.6022,-0.1180,-0.937211,-0.004387,-0.000342,-0.348735,
31.3456,18.6008,-0.1231,-0.937203,-0.004390,-0.000330,-0.348756,
31.3430,18.5991,-0.1291,-0.937202,-0.004382,-0.000322,-0.348759,
31.3411,18.5978,-0.1338,-0.937199,-0.004375,-0.000322,-0.348767,
31.3392,18.5961,-0.1395,-0.937196,-0.004377,-0.000303,-0.348775,
31.3368,18.5945,-0.1454,-0.937196,-0.004383,-0.000304,-0.348776,
31.3349,18.5931,-0.1501,-0.937186,-0.004385,-0.000290,-0.348802,
31.3324,18.5912,-0.1567,-0.937185,-0.004400,-0.000285,-0.348804,
31.3304,18.5898,-0.1613,-0.937183,-0.004394,-0.000276,-0.348810,
31.3284,18.5885,-0.1660,-0.937187,-0.004407,-0.000272,-0.348799,
31.3257,18.5865,-0.1727,-0.937182,-0.004405,-0.000268,-0.348814,
31.3238,18.5853,-0.1768,-0.937181,-0.004408,-0.000267,-0.348816,
31.3217,18.5842,-0.1809,-0.937177,-0.004428,-0.000268,-0.348827,
31.3197,18.5828,-0.1857,-0.937176,-0.004422,-0.000256,-0.348828,
31.3169,18.5809,-0.1919,-0.937179,-0.004425,-0.000257,-0.348822,
31.3148,18.5797,-0.1962,-0.937175,-0.004409,-0.000250,-0.348833,
31.3127,18.5783,-0.2009,-0.937175,-0.004416,-0.000246,-0.348830,
31.3099,18.5764,-0.2073,-0.937168,-0.004420,-0.000252,-0.348850,
31.3077,18.5751,-0.2114,-0.937173,-0.004414,-0.000247,-0.348838,
31.3049,18.5732,-0.2179,-0.937168,-0.004421,-0.000250,-0.348852,
31.3027,18.5715,-0.2234,-0.937163,-0.004407,-0.000233,-0.348863,
31.3005,18.5702,-0.2279,-0.937157,-0.004416,-0.000225,-0.348880,
31.2976,18.5681,-0.2344,-0.937156,-0.004411,-0.000232,-0.348883,
31.2954,18.5666,-0.2394,-0.937156,-0.004410,-0.000215,-0.348882,
31.2932,18.5652,-0.2437,-0.937148,-0.004407,-0.000218,-0.348905,
31.2902,18.5632,-0.2502,-0.937149,-0.004406,-0.000207,-0.348902,
31.2879,18.5615,-0.2556,-0.937146,-0.004410,-0.000199,-0.348909,
31.2856,18.5600,-0.2603,-0.937145,-0.004424,-0.000188,-0.348913,
31.2826,18.5581,-0.2661,-0.937139,-0.004435,-0.000173,-0.348928,
31.2798,18.5562,-0.2722,-0.937139,-0.004439,-0.000171,-0.348928,
31.2771,18.5543,-0.2778,-0.937133,-0.004451,-0.000169,-0.348944,
31.2748,18.5528,-0.2825,-0.937129,-0.004440,-0.000167,-0.348955,
31.2724,18.5510,-0.2879,-0.937131,-0.004448,-0.000152,-0.348950,
31.2699,18.5494,-0.2928,-0.937126,-0.004448,-0.000138,-0.348963,
31.2667,18.5476,-0.2982,-0.937124,-0.004464,-0.000127,-0.348967,
31.2643,18.5459,-0.3035,-0.937119,-0.004449,-0.000121,-0.348982,
31.2610,18.5437,-0.3100,-0.937120,-0.004462,-0.000120,-0.348979,
31.2585,18.5423,-0.3143,-0.937114,-0.004456,-0.000114,-0.348996,
31.2552,18.5401,-0.3209,-0.937114,-0.004457,-0.000121,-0.348994,
31.2527,18.5383,-0.3260,-0.937108,-0.004460,-0.000107,-0.349010,
31.2502,18.5370,-0.3300,-0.937112,-0.004467,-0.000098,-0.349001,
31.2468,18.5348,-0.3363,-0.937105,-0.004458,-0.000089,-0.349019,
31.2443,18.5331,-0.3413,-0.937103,-0.004455,-0.000095,-0.349025,
31.2417,18.5318,-0.3451,-0.937100,-0.004472,-0.000092,-0.349031,
31.2384,18.5298,-0.3506,-0.937093,-0.004453,-0.000087,-0.349052,
31.2358,18.5280,-0.3560,-0.937087,-0.004461,-0.000092,-0.349069,
31.2332,18.5265,-0.3602,-0.937080,-0.004456,-0.000091,-0.349087,
31.2298,18.5244,-0.3663,-0.937080,-0.004455,-0.000090,-0.349087,
31.2272,18.5227,-0.3711,-0.937071,-0.004442,-0.000104,-0.349112,
31.2246,18.5212,-0.3751,-0.937073,-0.004435,-0.000094,-0.349106,
31.2212,18.5192,-0.3806,-0.937060,-0.004440,-0.000095,-0.349140,
31.2184,18.5172,-0.3865,-0.937058,-0.004426,-0.000079,-0.349145,
31.2150,18.5151,-0.3921,-0.937050,-0.004429,-0.000080,-0.349168,
31.2124,18.5136,-0.3963,-0.937049,-0.004431,-0.000070,-0.349170,
31.2088,18.5111,-0.4033,-0.937047,-0.004431,-0.000068,-0.349175,
31.2061,18.5095,-0.4077,-0.937047,-0.004424,-0.000063,-0.349176,
31.2026,18.5072,-0.4139,-0.937045,-0.004415,-0.000056,-0.349181,
31.1996,18.5050,-0.4204,-0.937044,-0.004423,-0.000048,-0.349183,
31.1971,18.5034,-0.4247,-0.937038,-0.004418,-0.000035,-0.349198,
31.1944,18.5019,-0.4286,-0.937039,-0.004426,-0.000035,-0.349197,
31.1908,18.4997,-0.4348,-0.937032,-0.004438,-0.000028,-0.349214,
31.1880,18.4978,-0.4399,-0.937031,-0.004436,-0.000031,-0.349219,
31.1843,18.4957,-0.4454,-0.937026,-0.004432,-0.000029,-0.349232,
31.1816,18.4941,-0.4497,-0.937021,-0.004434,-0.000018,-0.349245,
31.1788,18.4925,-0.4540,-0.937020,-0.004440,-0.000022,-0.349247,
31.1751,18.4905,-0.4587,-0.937015,-0.004423,-0.000021,-0.349261,
31.1723,18.4888,-0.4636,-0.937012,-0.004430,-0.000013,-0.349269,
31.1694,18.4870,-0.4684,-0.937007,-0.004418,-0.000013,-0.349283,
31.1657,18.4849,-0.4736,-0.937008,-0.004431,-0.000014,-0.349280,
31.1628,18.4832,-0.4781,-0.937001,-0.004401,-0.000011,-0.349300,
31.1599,18.4814,-0.4829,-0.937003,-0.004407,-0.000003,-0.349295,
31.1561,18.4794,-0.4878,-0.936988,-0.004394,0.000004,-0.349334,
31.1533,18.4777,-0.4921,-0.936988,-0.004408,0.000009,-0.349334,
31.1502,18.4756,-0.4982,-0.936983,-0.004404,0.000004,-0.349349,
31.1463,18.4734,-0.5038,-0.936985,-0.004379,0.000012,-0.349342,
31.1434,18.4717,-0.5081,-0.936978,-0.004387,0.000019,-0.349361,
31.1394,18.4691,-0.5155,-0.936983,-0.004390,0.000039,-0.349347,
31.1364,18.4675,-0.5195,-0.936980,-0.004399,0.000040,-0.349356,
31.1334,18.4659,-0.5235,-0.936969,-0.004382,0.000036,-0.349386,
31.1304,18.4641,-0.5287,-0.936970,-0.004386,0.000036,-0.349381,
31.1275,18.4622,-0.5350,-0.936960,-0.004386,0.000033,-0.349410,
31.1266,18.4612,-0.5399,-0.936961,-0.004390,0.000046,-0.349407,
31.1260,18.4603,-0.5450,-0.936954,-0.004385,0.000049,-0.349426,
31.1255,18.4592,-0.5514,-0.936957,-0.004385,0.000054,-0.349417,
31.1253,18.4586,-0.5556,-0.936952,-0.004380,0.000062,-0.349431,
31.1250,18.4576,-0.5621,-0.936953,-0.004383,0.000055,-0.349429,
31.1248,18.4568,-0.5670,-0.936949,-0.004389,0.000052,-0.349439,
31.1247,18.4565,-0.5700,-0.936946,-0.004382,0.000041,-0.349447,
31.1243,18.4552,-0.5779,-0.936942,-0.004400,0.000046,-0.349458,
31.1240,18.4543,-0.5836,-0.936938,-0.004397,0.000050,-0.349469,
31.1238,18.4538,-0.5873,-0.936936,-0.004407,0.000062,-0.349473,
31.1235,18.4529,-0.5932,-0.936930,-0.004403,0.000056,-0.349489,
31.1233,18.4524,-0.5971,-0.936932,-0.004401,0.000067,-0.349485,
31.1232,18.4519,-0.6005,-0.936929,-0.004394,0.000074,-0.349492,
31.1229,18.4510,-0.6065,-0.936928,-0.004397,0.000072,-0.349496,
31.1227,18.4503,-0.6112,-0.936925,-0.004397,0.000077,-0.349503,
31.1225,18.4499,-0.6144,-0.936922,-0.004391,0.000079,-0.349511,
31.1224,18.4494,-0.6181,-0.936917,-0.004394,0.000085,-0.349525,
31.1222,18.4488,-0.6227,-0.936913,-0.004393,0.000083,-0.349535,
31.1220,18.4483,-0.6259,-0.936907,-0.004398,0.000091,-0.349551,
31.1218,18.4478,-0.6301,-0.936907,-0.004398,0.000089,-0.349551,
31.1215,18.4469,-0.6357,-0.936906,-0.004384,0.000099,-0.349554,
31.1212,18.4459,-0.6419,-0.936908,-0.004401,0.000116,-0.349550,
31.1210,18.4453,-0.6461,-0.936905,-0.004396,0.000120,-0.349556,
31.1208,18.4446,-0.6504,-0.936899,-0.004397,0.000128,-0.349571,
31.1205,18.4438,-0.6561,-0.936895,-0.004387,0.000133,-0.349585,
31.1203,18.4433,-0.6596,-0.936893,-0.004385,0.000142,-0.349589,
31.1200,18.4424,-0.6654,-0.936889,-0.004394,0.000158,-0.349601,
31.1197,18.4416,-0.6706,-0.936886,-0.004388,0.000176,-0.349609,
31.1196,18.4414,-0.6726,-0.936884,-0.004391,0.000177,-0.349614,
31.1193,18.4406,-0.6775,-0.936883,-0.004384,0.000176,-0.349616,
31.1189,18.4393,-0.6854,-0.936879,-0.004405,0.000176,-0.349627,
31.1187,18.4389,-0.6883,-0.936872,-0.004395,0.000186,-0.349645,
31.1184,18.4380,-0.6944,-0.936869,-0.004402,0.000191,-0.349653,
31.1179,18.4367,-0.7024,-0.936861,-0.004408,0.000208,-0.349674,
31.1177,18.4362,-0.7061,-0.936862,-0.004399,0.000220,-0.349670,
31.1175,18.4356,-0.7099,-0.936860,-0.004407,0.000216,-0.349676,
31.1172,18.4346,-0.7166,-0.936857,-0.004394,0.000217,-0.349684,
31.1169,18.4340,-0.7206,-0.936853,-0.004413,0.000243,-0.349695,
31.1166,18.4331,-0.7263,-0.936854,-0.004408,0.000241,-0.349693,
31.1164,18.4326,-0.7302,-0.936854,-0.004427,0.000256,-0.349693,
31.1163,18.4322,-0.7330,-0.936853,-0.004433,0.000253,-0.349695,
31.1160,18.4314,-0.7381,-0.936850,-0.004423,0.000265,-0.349704,
31.1157,18.4306,-0.7437,-0.936844,-0.004427,0.000269,-0.349720,
31.1155,18.4301,-0.7469,-0.936841,-0.004420,0.000277,-0.349728,
31.1153,18.4296,-0.7507,-0.936841,-0.004428,0.000265,-0.349726,
31.1151,18.4290,-0.7544,-0.936838,-0.004430,0.000269,-0.349735,
31.1148,18.4283,-0.7593,-0.936837,-0.004429,0.000272,-0.349738,
31.1146,18.4278,-0.7630,-0.936830,-0.004415,0.000265,-0.349756,
31.1144,18.4272,-0.7671,-0.936833,-0.004411,0.000259,-0.349749,
31.1140,18.4261,-0.7741,-0.936824,-0.004396,0.000254,-0.349774,
31.1138,18.4256,-0.7774,-0.936829,-0.004398,0.000248,-0.349761,
31.1136,18.4251,-0.7808,-0.936820,-0.004388,0.000257,-0.349784,
31.1133,18.4243,-0.7861,-0.936823,-0.004388,0.000253,-0.349775,
31.1131,18.4238,-0.7894,-0.936816,-0.004382,0.000259,-0.349794,
31.1129,18.4233,-0.7932,-0.936813,-0.004368,0.000252,-0.349803,
31.1126,18.4225,-0.7982,-0.936802,-0.004375,0.000265,-0.349832,
