-0.0000,0.0000,0.3179,-0.997717,0.003146,0.005775,0.067216,
-0.0000,0.0000,0.3225,-0.997707,0.003127,0.005743,0.067359,
-0.0000,0.0000,0.3173,-0.997697,0.003110,0.005718,0.067521,
-0.0000,0.0000,0.3170,-0.997687,0.003082,0.005679,0.067674,
-0.0000,0.0000,0.3168,-0.997677,0.003065,0.005648,0.067824,
-0.0000,0.0000,0.3139,-0.997667,0.003044,0.005618,0.067965,
-0.0000,0.0000,0.3170,-0.997660,0.003035,0.005591,0.068081,
-0.0000,0.0000,0.3177,-0.997650,0.003032,0.005572,0.068221,
-0.0000,0.0000,0.3158,-0.997639,0.003018,0.005541,0.068388,
-0.0000,0.0000,0.3147,-0.997629,0.002994,0.005522,0.068530,
-0.0000,0.0000,0.3145,-0.997619,0.002988,0.005492,0.068676,
-0.0000,0.0000,0.3186,-0.997610,0.002972,0.005472,0.068813,
-0.0000,0.0000,0.3180,-0.997600,0.002959,0.005440,0.068965,
-0.0000,0.0000,0.3154,-0.997589,0.002941,0.005415,0.069119,
-0.0000,0.0000,0.3153,-0.997579,0.002918,0.005390,0.069266,
-0.0000,0.0000,0.3159,-0.997571,0.002900,0.005360,0.069397,
-0.0000,0.0000,0.3153,-0.997561,0.002877,0.005330,0.069531,
-0.0000,0.0000,0.3165,-0.997551,0.002862,0.005300,0.069676,
-0.0000,0.0000,0.3169,-0.997539,0.002852,0.005287,0.069854,
-0.0000,0.0000,0.3211,-0.997529,0.002842,0.005268,0.070001,
-0.0000,0.0000,0.3248,-0.997520,0.002816,0.005245,0.070127,
-0.0000,0.0000,0.3244,-0.997510,0.002796,0.005232,0.070274,
-0.0000,0.0000,0.3245,-0.997500,0.002781,0.005199,0.070425,
-0.0000,0.0000,0.3298,-0.997491,0.002764,0.005193,0.070550,
-0.0000,0.0000,0.3329,-0.997480,0.002733,0.005173,0.070705,
-0.0000,0.0000,0.3337,-0.997471,0.002718,0.005150,0.070834,
-0.0000,0.0000,0.3372,-0.997461,0.002715,0.005122,0.070982,
-0.0000,0.0000,0.3368,-0.997451,0.002687,0.005089,0.071124,
-0.0000,0.0000,0.3337,-0.997441,0.002677,0.005058,0.071268,
-0.0000,0.0000,0.3343,-0.997430,0.002657,0.005024,0.071423,
-0.0000,0.0000,0.3345,-0.997420,0.002637,0.005006,0.071570,
-0.0000,0.0000,0.3376,-0.997410,0.002613,0.004985,0.071709,
-0.0000,0.0000,0.3452,-0.997399,0.002604,0.004976,0.071856,
-0.0000,0.0000,0.3475,-0.997389,0.002583,0.004952,0.071994,
-0.0000,0.0000,0.3498,-0.997379,0.002570,0.004924,0.072134,
-0.0000,0.0000,0.3507,-0.997368,0.002554,0.004891,0.072296,
-0.0000,0.0000,0.3482,-0.997357,0.002539,0.004861,0.072448,
-0.0000,0.0000,0.3405,-0.997347,0.002530,0.004843,0.072593,
-0.0000,0.0000,0.3392,-0.997336,0.002516,0.004817,0.072741,
-0.0000,0.0000,0.3356,-0.997325,0.002498,0.004795,0.072895,
-0.0000,0.0000,0.3345,-0.997314,0.002472,0.004770,0.073053,
-0.0000,0.0000,0.3309,-0.997304,0.002453,0.004744,0.073182,
-0.0000,0.0000,0.3273,-0.997294,0.002440,0.004729,0.073320,
-0.0000,0.0000,0.3257,-0.997283,0.002427,0.004711,0.073468,
-0.0000,0.0000,0.3296,-0.997274,0.002405,0.004689,0.073605,
-0.0000,0.0000,0.3314,-0.997262,0.002385,0.004667,0.073762,
-0.0000,0.0000,0.3320,-0.997253,0.002367,0.004633,0.073884,
-0.0000,0.0000,0.3302,-0.997241,0.002355,0.004589,0.074046,
-0.0000,0.0000,0.3312,-0.997231,0.002339,0.004561,0.074187,
-0.0000,0.0000,0.3332,-0.997220,0.002320,0.004533,0.074336,
-0.0000,0.0000,0.3333,-0.997210,0.002313,0.004515,0.074479,
-0.0000,0.0000,0.3315,-0.997198,0.002299,0.004488,0.074631,
-0.0000,0.0000,0.3337,-0.997189,0.002274,0.004477,0.074752,
-0.0000,0.0000,0.3345,-0.997178,0.002256,0.004449,0.074907,
-0.0000,0.0000,0.3321,-0.997168,0.002249,0.004435,0.075047,
-0.0000,0.0000,0.3291,-0.997158,0.002234,0.004416,0.075177,
-0.0000,0.0000,0.3313,-0.997147,0.002226,0.004386,0.075326,
-0.0000,0.0000,0.3324,-0.997137,0.002206,0.004360,0.075465,
-0.0000,0.0000,0.3342,-0.997125,0.002192,0.004340,0.075612,
-0.0000,0.0000,0.3365,-0.997114,0.002179,0.004327,0.075768,
-0.0000,0.0000,0.3392,-0.997104,0.002175,0.004308,0.075896,
-0.0000,0.0000,0.3430,-0.997092,0.002151,0.004267,0.076060,
-0.0000,0.0000,0.3386,-0.997081,0.002135,0.004261,0.076203,
-0.0000,0.0000,0.3367,-0.997070,0.002110,0.004235,0.076347,
-0.0000,0.0000,0.3368,-0.997060,0.002088,0.004220,0.076479,
-0.0000,0.0000,0.3378,-0.997049,0.002076,0.004196,0.076625,
-0.0000,0.0000,0.3401,-0.997038,0.002066,0.004177,0.076769,
-0.0000,0.0000,0.3411,-0.997026,0.002046,0.004159,0.076926,
-0.0000,0.0000,0.3411,-0.997016,0.002023,0.004142,0.077057,
-0.0000,0.0000,0.3405,-0.997003,0.002005,0.004117,0.077225,
-0.0000,0.0000,0.3487,-0.996991,0.001995,0.004097,0.077377,
-0.0000,0.0000,0.3494,-0.996981,0.001974,0.004075,0.077519,
-0.0000,0.0000,0.3500,-0.996970,0.001969,0.004051,0.077661,
-0.0000,0.0000,0.3511,-0.996959,0.001950,0.004029,0.077797,
-0.0000,0.0000,0.3534,-0.996947,0.001932,0.004004,0.077958,
-0.0000,0.0000,0.3507,-0.996937,0.001912,0.003989,0.078086,
-0.0000,0.0000,0.3505,-0.996924,0.001884,0.003950,0.078256,
-0.0000,0.0000,0.3505,-0.996912,0.001861,0.003926,0.078406,
-0.0000,0.0000,0.3496,-0.996901,0.001852,0.003897,0.078550,
-0.0000,0.0000,0.3463,-0.996890,0.001834,0.003868,0.078695,
-0.0000,0.0000,0.3451,-0.996878,0.001821,0.003849,0.078839,
-0.0000,0.0000,0.3474,-0.996868,0.001819,0.003820,0.078973,
-0.0000,0.0000,0.3491,-0.996855,0.001816,0.003799,0.079135,
-0.0000,0.0000,0.3463,-0.996845,0.001794,0.003783,0.079259,
-0.0000,0.0000,0.3406,-0.996835,0.001772,0.003769,0.079392,
-0.0000,0.0000,0.3491,-0.996822,0.001754,0.003745,0.079558,
-0.0000,0.0000,0.3435,-0.996811,0.001751,0.003720,0.079690,
-0.0000,0.0000,0.3392,-0.996798,0.001744,0.003690,0.079851,
-0.0000,0.0000,0.3395,-0.996789,0.001735,0.003683,0.079975,
-0.0000,0.0000,0.3414,-0.996776,0.001714,0.003661,0.080133,
-0.0000,0.0000,0.3475,-0.996766,0.001708,0.003641,0.080256,
-0.0000,0.0000,0.3429,-0.996755,0.001702,0.003607,0.080402,
-0.0000,0.0000,0.3418,-0.996741,0.001682,0.003581,0.080571,
-0.0000,0.0000,0.3447,-0.996730,0.001667,0.003565,0.080709,
-0.0000,0.0000,0.3447,-0.996718,0.001669,0.003544,0.080860,
-0.0000,0.0000,0.3459,-0.996706,0.001662,0.003530,0.081010,
-0.0000,0.0000,0.3460,-0.996692,0.001640,0.003510,0.081174,
-0.0000,0.0000,0.3427,-0.996682,0.001627,0.003482,0.081303,
-0.0000,0.0000,0.3403,-0.996669,0.001607,0.003466,0.081461,
-0.0000,0.0000,0.3383,-0.996658,0.001591,0.003436,0.081605,
-0.0000,0.0000,0.3326,-0.996645,0.001579,0.003424,0.081757,
-0.0000,0.0000,0.3288,-0.996633,0.001565,0.003401,0.081902,
-0.0000,0.0000,0.3282,-0.996623,0.001546,0.003377,0.082027,
-0.0000,0.0000,0.3289,-0.996610,0.001524,0.003345,0.082185,
-0.0000,0.0000,0.3257,-0.996598,0.001505,0.003311,0.082333,
-0.0000,0.0000,0.3250,-0.996586,0.001483,0.003287,0.082478,
-0.0000,0.0000,0.3238,-0.996574,0.001469,0.003253,0.082627,
-0.0000,0.0000,0.3246,-0.996562,0.001453,0.003224,0.082771,
-0.0000,0.0000,0.3267,-0.996552,0.001445,0.003204,0.082891,
-0.0000,0.0000,0.3295,-0.996542,0.001443,0.003190,0.083022,
-0.0000,0.0000,0.3288,-0.996528,0.001424,0.003165,0.083190,
-0.0000,0.0000,0.3281,-0.996515,0.001411,0.003133,0.083338,
-0.0000,0.0000,0.3275,-0.996505,0.001396,0.003111,0.083468,
-0.0000,0.0000,0.3266,-0.996493,0.001401,0.003097,0.083605,
-0.0000,0.0000,0.3230,-0.996479,0.001393,0.003072,0.083771,
-0.0000,0.0000,0.3236,-0.996470,0.001387,0.003043,0.083888,
-0.0000,0.0000,0.3244,-0.996458,0.001385,0.003022,0.084027,
-0.0000,0.0000,0.3272,-0.996444,0.001377,0.003001,0.084188,
-0.0000,0.0000,0.3277,-0.996432,0.001364,0.002989,0.084334,
-0.0000,0.0000,0.3276,-0.996420,0.001355,0.002972,0.084477,
-0.0000,0.0000,0.3306,-0.996407,0.001342,0.002959,0.084629,
-0.0000,0.0000,0.3278,-0.996395,0.001317,0.002940,0.084774,
-0.0000,0.0000,0.3308,-0.996384,0.001302,0.002938,0.084907,
-0.0000,0.0000,0.3296,-0.996370,0.001295,0.002919,0.085066,
-0.0000,0.0000,0.3309,-0.996360,0.001294,0.002899,0.085192,
-0.0000,0.0000,0.3295,-0.996347,0.001292,0.002882,0.085337,
-0.0000,0.0000,0.3312,-0.996334,0.001266,0.002859,0.085495,
-0.0000,0.0000,0.3352,-0.996323,0.001251,0.002839,0.085620,
-0.0000,0.0000,0.3381,-0.996311,0.001238,0.002813,0.085761,
-0.0000,0.0000,0.3397,-0.996299,0.001233,0.002783,0.085904,
-0.0000,0.0000,0.3406,-0.996286,0.001217,0.002772,0.086056,
-0.0000,0.0000,0.3415,-0.996273,0.001199,0.002760,0.086199,
-0.0000,0.0000,0.3439,-0.996262,0.001199,0.002740,0.086326,
-0.0000,0.0000,0.3473,-0.996248,0.001185,0.002710,0.086494,
-0.0000,0.0000,0.3457,-0.996235,0.001166,0.002704,0.086639,
-0.0000,0.0000,0.3458,-0.996224,0.001157,0.002697,0.086770,
-0.0000,0.0000,0.3434,-0.996212,0.001144,0.002682,0.086907,
-0.0000,0.0000,0.3445,-0.996199,0.001128,0.002660,0.087062,
-0.0000,0.0000,0.3450,-0.996185,0.001117,0.002636,0.087221,
-0.0000,0.0000,0.3461,-0.996173,0.001107,0.002614,0.087354,
-0.0000,0.0000,0.3462,-0.996160,0.001081,0.002585,0.087511,
-0.0000,0.0000,0.3462,-0.996148,0.001070,0.002570,0.087648,
-0.0000,0.0000,0.3474,-0.996135,0.001062,0.002553,0.087796,
-0.0000,0.0000,0.3522,-0.996121,0.001042,0.002536,0.087957,
-0.0000,0.0000,0.3554,-0.996108,0.001035,0.002521,0.088098,
-0.0000,0.0000,0.3555,-0.996096,0.001022,0.002503,0.088231,
-0.0000,0.0000,0.3557,-0.996085,0.001017,0.002495,0.088355,
-0.0000,0.0000,0.3576,-0.996072,0.001011,0.002483,0.088507,
-0.0000,0.0000,0.3590,-0.996057,0.001005,0.002469,0.088677,
-0.0000,0.0000,0.3583,-0.996044,0.001003,0.002461,0.088818,
-0.0000,0.0000,0.3588,-0.996032,0.000999,0.002440,0.088961,
-0.0000,0.0000,0.3615,-0.996019,0.000991,0.002414,0.089098,
-0.0000,0.0000,0.3582,-0.996005,0.000981,0.002387,0.089255,
-0.0000,0.0000,0.3626,-0.995992,0.000964,0.002380,0.089408,
-0.0000,0.0000,0.3589,-0.995978,0.000961,0.002365,0.089557,
-0.0000,0.0000,0.3530,-0.995965,0.000955,0.002342,0.089703,
-0.0000,0.0000,0.3547,-0.995954,0.000944,0.002326,0.089832,
-0.0000,0.0000,0.3579,-0.995939,0.000914,0.002301,0.089995,
-0.0000,0.0000,0.3605,-0.995927,0.000902,0.002280,0.090131,
-0.0000,0.0000,0.3612,-0.995915,0.000891,0.002269,0.090268,
-0.0000,0.0000,0.3633,-0.995900,0.000877,0.002255,0.090424,
-0.0000,0.0000,0.3714,-0.995888,0.000864,0.002239,0.090559,
-0.0000,0.0000,0.3703,-0.995875,0.000855,0.002221,0.090704,
-0.0000,0.0000,0.3692,-0.995863,0.000844,0.002209,0.090835,
-0.0000,0.0000,0.3679,-0.995849,0.000829,0.002189,0.090993,
-0.0000,0.0000,0.3697,-0.995837,0.000826,0.002179,0.091122,
-0.0000,0.0000,0.3688,-0.995822,0.000811,0.002155,0.091292,
-0.0000,0.0000,0.3719,-0.995810,0.000799,0.002135,0.091420,
-0.0000,0.0000,0.3731,-0.995795,0.000780,0.002109,0.091587,
-0.0000,0.0000,0.3721,-0.995781,0.000748,0.002098,0.091739,
-0.0000,0.0000,0.3725,-0.995768,0.000728,0.002082,0.091881,
-0.0000,0.0000,0.3702,-0.995755,0.000708,0.002070,0.092015,
-0.0000,0.0000,0.3679,-0.995741,0.000696,0.002057,0.092174,
-0.0000,0.0000,0.3660,-0.995729,0.000684,0.002044,0.092297,
-0.0000,0.0000,0.3649,-0.995716,0.000677,0.002026,0.092445,
-0.0000,0.0000,0.3643,-0.995701,0.000656,0.002007,0.092603,
-0.0000,0.0000,0.3605,-0.995686,0.000642,0.001987,0.092759,
-0.0000,0.0000,0.3576,-0.995675,0.000625,0.001963,0.092882,
-0.0000,0.0000,0.3566,-0.995661,0.000604,0.001944,0.093035,
-0.0000,0.0000,0.3560,-0.995647,0.000589,0.001934,0.093185,
-0.0000,0.0000,0.3535,-0.995635,0.000570,0.001913,0.093314,
-0.0000,0.0000,0.3485,-0.995621,0.000549,0.001894,0.093461,
-0.0000,0.0000,0.3474,-0.995608,0.000541,0.001873,0.093604,
-0.0000,0.0000,0.3469,-0.995594,0.000525,0.001842,0.093747,
-0.0000,0.0000,0.3401,-0.995582,0.000519,0.001830,0.093878,
-0.0000,0.0000,0.3430,-0.995568,0.000520,0.001809,0.094024,
-0.0000,0.0000,0.3430,-0.995553,0.000500,0.001797,0.094189,
-0.0000,0.0000,0.3430,-0.995539,0.000480,0.001775,0.094336,
-0.0000,0.0000,0.3460,-0.995525,0.000468,0.001756,0.094484,
-0.0000,0.0000,0.3466,-0.995513,0.000457,0.001731,0.094609,
-0.0000,0.0000,0.3530,-0.995500,0.000447,0.001709,0.094746,
-0.0000,0.0000,0.3551,-0.995485,0.000433,0.001685,0.094907,
-0.0000,0.0000,0.3568,-0.995472,0.000430,0.001673,0.095042,
-0.0000,0.0000,0.3537,-0.995459,0.000407,0.001656,0.095175,
-0.0000,0.0000,0.3553,-0.995446,0.000388,0.001641,0.095316,
-0.0000,0.0000,0.3535,-0.995430,0.000367,0.001625,0.095482,
-0.0000,0.0000,0.3539,-0.995415,0.000364,0.001613,0.095633,
-0.0000,0.0000,0.3595,-0.995401,0.000356,0.001598,0.095782,
-0.0000,0.0000,0.3607,-0.995388,0.000345,0.001580,0.095921,
-0.0000,0.0000,0.3602,-0.995375,0.000341,0.001571,0.096051,
-0.0000,0.0000,0.3573,-0.995360,0.000337,0.001545,0.096208,
-0.0000,0.0000,0.3557,-0.995346,0.000318,0.001530,0.096348,
-0.0000,0.0000,0.3590,-0.995332,0.000300,0.001517,0.096493,
-0.0000,0.0000,0.3581,-0.995319,0.000279,0.001504,0.096629,
-0.0000,0.0000,0.3556,-0.995302,0.000244,0.001490,0.096804,
-0.0000,0.0000,0.3588,-0.995288,0.000234,0.001468,0.096951,
-0.0000,0.0000,0.3605,-0.995275,0.000219,0.001449,0.097087,
-0.0000,0.0000,0.3621,-0.995261,0.000203,0.001437,0.097231,
-0.0000,0.0000,0.3645,-0.995247,0.000190,0.001416,0.097375,
-0.0000,0.0000,0.3643,-0.995233,0.000187,0.001419,0.097519,
-0.0000,0.0000,0.3659,-0.995218,0.000185,0.001392,0.097670,
-0.0000,0.0000,0.3673,-0.995203,0.000178,0.001378,0.097817,
-0.0000,0.0000,0.3723,-0.995189,0.000167,0.001362,0.097966,
-0.0000,0.0000,0.3765,-0.995176,0.000150,0.001346,0.098093,
-0.0000,0.0000,0.3795,-0.995160,0.000139,0.001342,0.098264,
-0.0000,0.0000,0.3804,-0.995146,0.000126,0.001332,0.098403,
-0.0000,0.0000,0.3766,-0.995132,0.000115,0.001318,0.098541,
-0.0000,0.0000,0.3763,-0.995117,0.000093,0.001309,0.098692,
-0.0000,0.0000,0.3736,-0.995102,0.000075,0.001290,0.098846,
-0.0000,0.0000,0.3716,-0.995087,0.000061,0.001265,0.098993,
-0.0000,0.0000,0.3733,-0.995073,0.000046,0.001241,0.099139,
-0.0000,0.0000,0.3708,-0.995061,0.000046,0.001224,0.099260,
-0.0000,0.0000,0.3729,-0.995043,0.000040,0.001214,0.099437,
-0.0000,0.0000,0.3733,-0.995028,0.000038,0.001188,0.099586,
-0.0000,0.0000,0.3723,-0.995014,0.000027,0.001178,0.099730,
-0.0000,0.0000,0.3758,-0.995001,0.000023,0.001173,0.099860,
-0.0000,0.0000,0.3755,-0.994984,0.000011,0.001149,0.100032,
-0.0000,0.0000,0.3767,-0.994971,0.000010,0.001135,0.100158,
-0.0000,0.0000,0.3800,-0.994954,0.000010,0.001128,0.100323,
-0.0000,0.0000,0.3807,-0.994941,0.000001,0.001111,0.100453,
-0.0000,0.0000,0.3812,-0.994927,-0.000015,0.001099,0.100596,
-0.0000,0.0000,0.3817,-0.994912,-0.000035,0.001092,0.100746,
-0.0000,0.0000,0.3823,-0.994894,-0.000045,0.001080,0.100916,
-0.0000,0.0000,0.3850,-0.994881,-0.000056,0.001069,0.101049,
-0.0000,0.0000,0.3928,-0.994864,-0.000074,0.001039,0.101211,
-0.0000,0.0000,0.3936,-0.994849,-0.000087,0.001017,0.101359,
-0.0000,0.0000,0.3942,-0.994835,-0.000093,0.000997,0.101503,
-0.0000,0.0000,0.3955,-0.994820,-0.000103,0.000972,0.101647,
-0.0000,0.0000,0.3960,-0.994804,-0.000122,0.000957,0.101808,
-0.0000,0.0000,0.4034,-0.994789,-0.000132,0.000928,0.101953,
-0.0000,0.0000,0.4034,-0.994773,-0.000137,0.000900,0.102107,
-0.0000,0.0000,0.4033,-0.994759,-0.000148,0.000891,0.102240,
-0.0000,0.0000,0.3995,-0.994742,-0.000161,0.000878,0.102404,
-0.0000,0.0000,0.4012,-0.994728,-0.000167,0.000878,0.102540,
-0.0000,0.0000,0.4024,-0.994713,-0.000168,0.000868,0.102695,
-0.0000,0.0000,0.4067,-0.994700,-0.000178,0.000850,0.102821,
-0.0000,0.0000,0.4115,-0.994684,-0.000180,0.000831,0.102973,
-0.0000,0.0000,0.4127,-0.994669,-0.000192,0.000819,0.103118,
-0.0000,0.0000,0.4136,-0.994653,-0.000202,0.000811,0.103272,
-0.0000,0.0000,0.4142,-0.994639,-0.000209,0.000804,0.103408,
-0.0000,0.0000,0.4148,-0.994621,-0.000210,0.000800,0.103574,
-0.0000,0.0000,0.4168,-0.994605,-0.000220,0.000788,0.103734,
-0.0000,0.0000,0.4231,-0.994590,-0.000217,0.000770,0.103872,
-0.0000,0.0000,0.4248,-0.994575,-0.000224,0.000760,0.104017,
-0.0000,0.0000,0.4236,-0.994561,-0.000229,0.000749,0.104155,
-0.0000,0.0000,0.4269,-0.994545,-0.000238,0.000744,0.104301,
-0.0000,0.0000,0.4308,-0.994532,-0.000241,0.000729,0.104428,
-0.0000,0.0000,0.4322,-0.994516,-0.000254,0.000704,0.104584,
-0.0000,0.0000,0.4358,-0.994502,-0.000273,0.000699,0.104712,
-0.0000,0.0000,0.4372,-0.994487,-0.000279,0.000681,0.104862,
-0.0000,0.0000,0.4381,-0.994471,-0.000295,0.000679,0.105011,
-0.0000,0.0000,0.4387,-0.994453,-0.000294,0.000670,0.105178,
-0.0000,0.0000,0.4398,-0.994438,-0.000304,0.000658,0.105325,
-0.0000,0.0000,0.4398,-0.994422,-0.000301,0.000643,0.105476,
-0.0000,0.0000,0.4382,-0.994408,-0.000309,0.000627,0.105605,
-0.0000,0.0000,0.4396,-0.994391,-0.000326,0.000609,0.105764,
-0.0000,0.0000,0.4407,-0.994378,-0.000343,0.000592,0.105886,
-0.0000,0.0000,0.4385,-0.994361,-0.000349,0.000581,0.106046,
-0.0000,0.0000,0.4345,-0.994347,-0.000355,0.000572,0.106181,
-0.0000,0.0000,0.4326,-0.994330,-0.000355,0.000557,0.106337,
-0.0000,0.0000,0.4330,-0.994315,-0.000369,0.000536,0.106476,
-0.0000,0.0000,0.4368,-0.994299,-0.000374,0.000524,0.106627,
-0.0000,0.0000,0.4386,-0.994285,-0.000382,0.000510,0.106759,
-0.0000,0.0000,0.4373,-0.994267,-0.000395,0.000520,0.106927,
-0.0000,0.0000,0.4315,-0.994251,-0.000413,0.000510,0.107072,
-0.0000,0.0000,0.4314,-0.994236,-0.000425,0.000504,0.107208,
-0.0000,0.0000,0.4277,-0.994220,-0.000433,0.000476,0.107364,
-0.0000,0.0000,0.4271,-0.994206,-0.000448,0.000457,0.107489,
-0.0000,0.0000,0.4284,-0.994189,-0.000456,0.000445,0.107647,
-0.0000,0.0000,0.4300,-0.994175,-0.000467,0.000436,0.107777,
-0.0000,0.0000,0.4313,-0.994158,-0.000474,0.000425,0.107937,
-0.0000,0.0000,0.4279,-0.994144,-0.000478,0.000423,0.108061,
-0.0000,0.0000,0.4261,-0.994129,-0.000496,0.000409,0.108204,
-0.0000,0.0000,0.4280,-0.994112,-0.000497,0.000388,0.108351,
-0.0000,0.0000,0.4330,-0.994097,-0.000498,0.000365,0.108494,
-0.0000,0.0000,0.4286,-0.994082,-0.000506,0.000348,0.108631,
-0.0000,0.0000,0.4280,-0.994067,-0.000513,0.000330,0.108767,
-0.0000,0.0000,0.4268,-0.994050,-0.000520,0.000308,0.108923,
-0.0000,0.0000,0.4275,-0.994036,-0.000532,0.000301,0.109054,
-0.0000,0.0000,0.4217,-0.994023,-0.000534,0.000279,0.109171,
-0.0000,0.0000,0.4181,-0.994006,-0.000541,0.000251,0.109322,
-0.0000,0.0000,0.4219,-0.993990,-0.000545,0.000237,0.109470,
-0.0000,0.0000,0.4232,-0.993974,-0.000554,0.000223,0.109619,
-0.0000,0.0000,0.4220,-0.993958,-0.000568,0.000214,0.109762,
-0.0000,0.0000,0.4235,-0.993943,-0.000571,0.000211,0.109892,
-0.0000,0.0000,0.4206,-0.993926,-0.000589,0.000210,0.110046,
-0.0000,0.0000,0.4229,-0.993911,-0.000594,0.000205,0.110185,
-0.0000,0.0000,0.4269,-0.993893,-0.000610,0.000186,0.110346,
-0.0000,0.0000,0.4279,-0.993879,-0.000614,0.000174,0.110471,
-0.0000,0.0000,0.4275,-0.993861,-0.000620,0.000154,0.110635,
-0.0000,0.0000,0.4291,-0.993845,-0.000625,0.000150,0.110776,
-0.0000,0.0000,0.4323,-0.993831,-0.000633,0.000152,0.110903,
-0.0000,0.0000,0.4313,-0.993814,-0.000636,0.000138,0.111056,
-0.0000,0.0000,0.4294,-0.993797,-0.000640,0.000120,0.111205,
-0.0000,0.0000,0.4291,-0.993782,-0.000666,0.000112,0.111341,
-0.0000,0.0000,0.4322,-0.993767,-0.000673,0.000108,0.111478,
-0.0000,0.0000,0.4296,-0.993750,-0.000685,0.000103,0.111623,
-0.0000,0.0000,0.4296,-0.993733,-0.000688,0.000093,0.111780,
-0.0000,0.0000,0.4301,-0.993717,-0.000692,0.000086,0.111917,
-0.0000,0.0000,0.4313,-0.993698,-0.000704,0.000074,0.112085,
-0.0000,0.0000,0.4337,-0.993684,-0.000696,0.000066,0.112211,
-0.0000,0.0000,0.4342,-0.993666,-0.000705,0.000057,0.112371,
-0.0000,0.0000,0.4388,-0.993650,-0.000711,0.000057,0.112514,
-0.0000,0.0000,0.4398,-0.993635,-0.000721,0.000045,0.112646,
-0.0000,0.0000,0.4435,-0.993618,-0.000718,0.000027,0.112796,
-0.0000,0.0000,0.4426,-0.993601,-0.000727,0.000022,0.112941,
-0.0000,0.0000,0.4413,-0.993586,-0.000732,0.000010,0.113074,
-0.0000,0.0000,0.4402,-0.993567,-0.000733,0.000001,0.113241,
-0.0000,0.0000,0.4429,-0.993551,-0.000748,-0.000008,0.113384,
-0.0000,0.0000,0.4390,-0.993535,-0.000763,-0.000019,0.113527,
-0.0000,0.0000,0.4393,-0.993518,-0.000775,-0.000028,0.113674,
-0.0000,0.0000,0.4432,-0.993504,-0.000788,-0.000038,0.113796,
-0.0000,0.0000,0.4448,-0.993487,-0.000794,-0.000044,0.113939,
-0.0000,0.0000,0.4455,-0.993470,-0.000794,-0.000042,0.114089,
-0.0000,0.0000,0.4490,-0.993450,-0.000793,-0.000048,0.114261,
-0.0000,0.0000,0.4498,-0.993435,-0.000788,-0.000055,0.114397,
-0.0000,0.0000,0.4523,-0.993418,-0.000789,-0.000058,0.114542,
-0.0000,0.0000,0.4481,-0.993403,-0.000790,-0.000057,0.114675,
-0.0000,0.0000,0.4457,-0.993387,-0.000803,-0.000060,0.114813,
-0.0000,0.0000,0.4439,-0.993370,-0.000811,-0.000071,0.114960,
-0.0000,0.0000,0.4428,-0.993353,-0.000821,-0.000088,0.115104,
-0.0000,0.0000,0.4396,-0.993338,-0.000828,-0.000090,0.115236,
-0.0000,0.0000,0.4405,-0.993319,-0.000843,-0.000078,0.115396,
-0.0000,0.0000,0.4404,-0.993306,-0.000846,-0.000089,0.115508,
-0.0000,0.0000,0.4401,-0.993288,-0.000854,-0.000095,0.115662,
-0.0000,0.0000,0.4410,-0.993274,-0.000855,-0.000100,0.115787,
-0.0000,0.0000,0.4427,-0.993257,-0.000869,-0.000118,0.115929,
-0.0000,0.0000,0.4461,-0.993237,-0.000879,-0.000139,0.116098,
-0.0000,0.0000,0.4487,-0.993223,-0.000891,-0.000160,0.116223,
-0.0000,0.0000,0.4435,-0.993204,-0.000903,-0.000168,0.116380,
-0.0000,0.0000,0.4483,-0.993187,-0.000913,-0.000171,0.116530,
-0.0000,0.0000,0.4472,-0.993170,-0.000916,-0.000175,0.116673,
-0.0000,0.0000,0.4443,-0.993154,-0.000905,-0.000188,0.116810,
-0.0000,0.0000,0.4420,-0.993136,-0.000894,-0.000198,0.116961,
-0.0000,0.0000,0.4398,-0.993103,-0.001008,-0.000120,0.117240,
-0.0000,0.0000,0.4357,-0.992932,-0.001243,-0.000032,0.118677,
-0.0000,0.0000,0.4323,-0.992992,-0.001045,0.000026,0.118175,
-0.0000,0.0000,0.4331,-0.993081,-0.001013,-0.000140,0.117425,
-0.0000,0.0000,0.4369,-0.992974,-0.001017,-0.000098,0.118331,
-0.0000,0.0000,0.4436,-0.993059,-0.000937,-0.000152,0.117616,
-0.0000,0.0000,0.4443,-0.992999,-0.001043,-0.000187,0.118122,
-0.0000,0.0000,0.4439,-0.992929,-0.000918,-0.000177,0.118704,
-0.0000,0.0000,0.4435,-0.992990,-0.001059,-0.000196,0.118190,
-0.0000,0.0000,0.4424,-0.992931,-0.000993,-0.000153,0.118688,
-0.0000,0.0000,0.4377,-0.992925,-0.001029,-0.000205,0.118740,
-0.0000,0.0000,0.4353,-0.992875,-0.001127,-0.000234,0.119154,
-0.0000,0.0000,0.4366,-0.992777,-0.001189,-0.000035,0.119966,
-0.0000,0.0000,0.4424,-0.992855,-0.001246,-0.000092,0.119320,
-0.0000,0.0000,0.4432,-0.992807,-0.000944,-0.000345,0.119720,
-0.0000,0.0000,0.4449,-0.992795,-0.000743,-0.000574,0.119824,
-0.0000,0.0000,0.4446,-0.992813,-0.000502,-0.000856,0.119671,
-0.0000,0.0000,0.4431,-0.992730,-0.000168,-0.001173,0.120353,
-0.0000,0.0000,0.4460,-0.992712,0.000717,-0.002126,0.120489,
-0.0000,0.0000,0.4509,-0.992658,0.003095,-0.004001,0.120850,
-0.0000,0.0000,0.4548,-0.992470,0.006593,-0.006905,0.122112,
-0.0000,0.0000,0.4587,-0.992087,0.010274,-0.010878,0.124655,
-0.0000,0.0000,0.4591,-0.991314,0.014546,-0.017775,0.129499,
-0.0000,0.0000,0.4608,-0.990343,0.017551,-0.024612,0.135302,
-0.0000,0.0000,0.4635,-0.989219,0.019322,-0.031414,0.141721,
-0.0000,0.0000,0.4677,-0.988043,0.020417,-0.037436,0.148164,
-0.0000,0.0000,0.4745,-0.986948,0.021168,-0.041775,0.154077,
-0.0000,0.0000,0.4900,-0.986050,0.020728,-0.042722,0.159534,
-0.0000,0.0000,0.5028,-0.985531,0.020303,-0.042192,0.162898,
-0.0000,0.0000,0.5185,-0.985176,0.020563,-0.040289,0.165477,
-0.0000,0.0000,0.5321,-0.984952,0.021850,-0.037857,0.167208,
-0.0000,0.0000,0.5514,-0.984851,0.025038,-0.036257,0.167711,
-0.0000,0.0000,0.5686,-0.984933,0.029017,-0.035456,0.166760,
-0.0000,0.0000,0.5893,-0.985025,0.032228,-0.035114,0.165695,
-0.0000,0.0000,0.6085,-0.985217,0.034375,-0.035098,0.164118,
-0.0000,0.0000,0.6312,-0.985689,0.035346,-0.034366,0.161204,
-0.0000,0.0000,0.6532,-0.986295,0.035256,-0.032055,0.157962,
-0.0000,0.0000,0.6763,-0.987094,0.036093,-0.028805,0.153338,
-0.0000,0.0000,0.6965,-0.987885,0.038411,-0.024933,0.148280,
-0.0000,0.0000,0.7179,-0.988569,0.041274,-0.020893,0.143498,
-0.0000,0.0000,0.7393,-0.989068,0.045471,-0.017660,0.139159,
-0.0000,0.0000,0.7648,-0.989376,0.048360,-0.016321,0.136123,
-0.0000,0.0000,0.7924,-0.989632,0.049130,-0.016226,0.133985,
-0.0000,0.0000,0.8182,-0.989752,0.047930,-0.017207,0.133406,
-0.0000,0.0000,0.8469,-0.989830,0.045642,-0.020091,0.133231,
-0.0000,0.0000,0.8787,-0.989910,0.042466,-0.022888,0.133229,
-0.0000,0.0000,0.9097,-0.989992,0.038292,-0.025762,0.133365,
-0.0000,0.0000,0.5576,-0.990024,0.035663,-0.027928,0.133423,
-0.0000,0.0000,0.5756,-0.990002,0.033340,-0.030443,0.133633,
-0.0000,0.0000,0.6038,-0.989855,0.032100,-0.033154,0.134378,
-0.0000,0.0000,0.6297,-0.989605,0.030539,-0.036003,0.135838,
-0.0000,0.0000,0.6451,-0.989326,0.028591,-0.038712,0.137540,
-0.0000,0.0000,0.6701,-0.989217,0.025976,-0.041501,0.138032,
-0.0000,0.0000,0.6796,-0.989329,0.023247,-0.043136,0.137211,
-0.0000,0.0000,0.6958,-0.989424,0.022532,-0.043259,0.136602,
-0.0000,0.0000,0.7192,-0.989379,0.024417,-0.041870,0.137037,
-0.0000,0.0000,0.7332,-0.989321,0.026487,-0.039364,0.137814,
-0.0000,0.0000,0.7534,-0.989414,0.027404,-0.036894,0.137654,
-0.0000,0.0000,0.7686,-0.989564,0.027008,-0.033737,0.137458,
-0.0000,0.0000,0.7842,-0.989720,0.024421,-0.029630,0.137771,
-0.0000,0.0000,0.7996,-0.989887,0.020122,-0.024891,0.138201,
-0.0000,0.0000,0.8166,-0.990001,0.016508,-0.021198,0.138476,
-0.0000,0.0000,0.8278,-0.990149,0.011704,-0.015737,0.138634,
-0.0000,0.0000,0.8363,-0.990212,0.008304,-0.010895,0.138896,
0.0000,0.0000,0.8425,-0.990188,0.005485,-0.005852,0.139513,
0.0001,-0.0001,0.8480,-0.990160,0.004168,-0.003630,0.139831,
0.0002,-0.0004,0.8581,-0.990041,0.004086,-0.004381,0.140648,
0.0007,-0.0011,0.8632,-0.989951,0.003207,-0.007156,0.141191,
0.0015,-0.0037,0.8374,-0.989806,0.001504,-0.011897,0.141917,
0.0024,-0.0076,0.8643,-0.989509,0.000768,-0.017770,0.143371,
0.0031,-0.0119,0.8636,-0.988975,0.000370,-0.024950,0.145962,
0.0031,-0.0165,0.8620,-0.988186,-0.000136,-0.031868,0.149912,
0.0023,-0.0213,0.8670,-0.987345,-0.000262,-0.036888,0.154236,
0.0010,-0.0260,0.8633,-0.986577,0.000198,-0.040492,0.158198,
-0.0011,-0.0310,0.8654,-0.985640,0.001210,-0.043863,0.163061,
-0.0037,-0.0358,0.8655,-0.985018,0.002120,-0.045551,0.166312,
-0.0065,-0.0404,0.8628,-0.984342,0.004058,-0.047110,0.169811,
-0.0092,-0.0447,0.8619,-0.983845,0.006301,-0.047872,0.172388,
-0.0119,-0.0487,0.8629,-0.983628,0.008174,-0.047241,0.173717,
-0.0146,-0.0523,0.8663,-0.983600,0.010194,-0.045951,0.174116,
-0.0168,-0.0555,0.8675,-0.983695,0.012113,-0.043380,0.174116,
-0.0189,-0.0583,0.8706,-0.983973,0.012802,-0.040263,0.173242,
-0.0210,-0.0624,0.8678,-0.984572,0.012595,-0.036804,0.170602,
-0.0228,-0.0662,0.8692,-0.985124,0.012599,-0.034468,0.167878,
-0.0245,-0.0692,0.8725,-0.985661,0.012692,-0.031322,0.165316,
-0.0256,-0.0707,0.8757,-0.986167,0.012529,-0.026797,0.163094,
-0.0265,-0.0715,0.8763,-0.986524,0.012480,-0.023196,0.161485,
-0.0274,-0.0718,0.8790,-0.986835,0.012867,-0.020756,0.159877,
-0.0281,-0.0727,0.8810,-0.987122,0.013286,-0.019264,0.158251,
-0.0287,-0.0733,0.8810,-0.987357,0.013409,-0.018292,0.156882,
-0.0292,-0.0734,0.8831,-0.987585,0.012806,-0.017016,0.155636,
-0.0309,-0.0724,0.8854,-0.987779,0.011662,-0.015233,0.154677,
-0.0327,-0.0712,0.8831,-0.987901,0.010507,-0.013513,0.154141,
-0.0344,-0.0699,0.8847,-0.988023,0.009524,-0.012021,0.153545,
-0.0360,-0.0680,0.8889,-0.988123,0.009173,-0.011041,0.152990,
-0.0376,-0.0661,0.8931,-0.988206,0.008947,-0.010042,0.152537,
-0.0391,-0.0643,0.8946,-0.988329,0.008126,-0.009006,0.151850,
-0.0401,-0.0626,0.8930,-0.988487,0.007442,-0.008432,0.150888,
-0.0410,-0.0610,0.8976,-0.988582,0.007375,-0.008182,0.150280,
-0.0418,-0.0596,0.8989,-0.988645,0.007159,-0.007507,0.149911,
-0.0425,-0.0588,0.9004,-0.988686,0.006646,-0.006627,0.149707,
-0.0432,-0.0581,0.9008,-0.988690,0.006185,-0.005591,0.149742,
-0.0437,-0.0575,0.9017,-0.988659,0.006057,-0.004893,0.149977,
-0.0452,-0.0572,0.8985,-0.988601,0.006090,-0.004440,0.150369,
-0.0465,-0.0570,0.8997,-0.988540,0.006115,-0.004481,0.150769,
-0.0476,-0.0570,0.9028,-0.988474,0.006140,-0.005071,0.151180,
-0.0472,-0.0566,0.9033,-0.988400,0.005930,-0.005777,0.151649,
-0.0471,-0.0565,0.9045,-0.988305,0.005454,-0.006179,0.152268,
-0.0470,-0.0566,0.8992,-0.988197,0.005469,-0.006559,0.152950,
-0.0462,-0.0570,0.8992,-0.987967,0.005855,-0.006899,0.154398,
-0.0456,-0.0576,0.8996,-0.987684,0.006217,-0.006870,0.156187,
-0.0451,-0.0582,0.8997,-0.987397,0.006598,-0.007132,0.157964,
-0.0450,-0.0578,0.8996,-0.987225,0.006736,-0.007590,0.159007,
-0.0448,-0.0576,0.8995,-0.987084,0.006904,-0.009030,0.159803,
-0.0443,-0.0574,0.8967,-0.986879,0.007477,-0.011893,0.160849,
-0.0434,-0.0576,0.8962,-0.986592,0.007615,-0.015195,0.162319,
-0.0425,-0.0577,0.8979,-0.986233,0.006511,-0.017790,0.164271,
-0.0420,-0.0580,0.8987,-0.985879,0.004748,-0.019359,0.166270,
-0.0431,-0.0586,0.8990,-0.985540,0.003201,-0.020513,0.168165,
-0.0440,-0.0592,0.8967,-0.985284,0.002111,-0.021073,0.169608,
-0.0447,-0.0597,0.8956,-0.985239,0.001879,-0.020867,0.169899,
-0.0453,-0.0605,0.8959,-0.985381,0.002630,-0.020181,0.169145,
-0.0457,-0.0608,0.8952,-0.985620,0.004536,-0.019343,0.167804,
-0.0458,-0.0608,0.8949,-0.985880,0.007294,-0.018351,0.166283,
-0.0454,-0.0604,0.8953,-0.986132,0.010099,-0.017183,0.164760,
-0.0451,-0.0598,0.8952,-0.986344,0.012231,-0.015685,0.163495,
-0.0447,-0.0594,0.8952,-0.986503,0.013306,-0.014046,0.162598,
-0.0439,-0.0593,0.8962,-0.986652,0.013338,-0.012641,0.161801,
-0.0432,-0.0590,0.8933,-0.986779,0.012930,-0.012051,0.161107,
-0.0428,-0.0587,0.8972,-0.986868,0.012595,-0.012376,0.160558,
-0.0425,-0.0585,0.8980,-0.986958,0.012179,-0.013246,0.159967,
-0.0422,-0.0579,0.8966,-0.987066,0.011833,-0.014208,0.159246,
-0.0417,-0.0563,0.8903,-0.987214,0.011601,-0.015228,0.158246,
-0.0410,-0.0540,0.8910,-0.987447,0.011257,-0.015975,0.156738,
-0.0404,-0.0515,0.8909,-0.987678,0.010976,-0.016089,0.155283,
-0.0397,-0.0485,0.8936,-0.987990,0.010855,-0.015777,0.153324,
-0.0389,-0.0451,0.8950,-0.988370,0.010724,-0.014875,0.150958,
-0.0383,-0.0415,0.8991,-0.988813,0.010750,-0.013608,0.148148,
-0.0387,-0.0377,0.9005,-0.989313,0.010801,-0.012120,0.144904,
-0.0397,-0.0338,0.9024,-0.989867,0.010447,-0.010278,0.141239,
-0.0409,-0.0296,0.9027,-0.990442,0.009881,-0.008310,0.137321,
-0.0426,-0.0255,0.9025,-0.991004,0.009390,-0.006308,0.133353,
-0.0447,-0.0214,0.9047,-0.991612,0.009196,-0.004114,0.128860,
-0.0470,-0.0172,0.9068,-0.992036,0.009345,-0.002617,0.125578,
-0.0493,-0.0126,0.9046,-0.992579,0.009160,-0.000479,0.121258,
-0.0516,-0.0081,0.9057,-0.993084,0.008327,0.001526,0.117097,
-0.0541,-0.0037,0.9077,-0.993587,0.007792,0.002942,0.112760,
-0.0562,0.0010,0.9076,-0.994116,0.007709,0.003868,0.107980,
-0.0584,0.0058,0.9125,-0.994612,0.007701,0.004510,0.103282,
-0.0608,0.0106,0.9145,-0.995131,0.007504,0.005606,0.098119,
-0.0622,0.0147,0.9107,-0.995685,0.006994,0.007359,0.092237,
-0.0635,0.0187,0.9167,-0.996149,0.006840,0.009333,0.086915,
-0.0650,0.0229,0.9187,-0.996568,0.007155,0.011394,0.081677,
-0.0683,0.0273,0.9209,-0.996895,0.007634,0.013361,0.077224,
-0.0716,0.0319,0.9183,-0.997230,0.008178,0.015197,0.072350,
-0.0747,0.0364,0.9199,-0.997478,0.008409,0.015962,0.068641,
-0.0770,0.0413,0.9154,-0.997819,0.008047,0.016216,0.063482,
-0.0793,0.0462,0.9185,-0.998098,0.007454,0.015785,0.059118,
-0.0818,0.0512,0.9199,-0.998459,0.006408,0.014625,0.053144,
-0.0841,0.0561,0.9237,-0.998738,0.005582,0.013422,0.048070,
-0.0867,0.0611,0.9252,-0.999028,0.004862,0.012396,0.042010,
-0.0896,0.0664,0.9267,-0.999252,0.004921,0.012202,0.036363,
-0.0939,0.0720,0.9182,-0.999434,0.005793,0.013030,0.030455,
-0.0984,0.0778,0.9226,-0.999580,0.006691,0.014664,0.024063,
-0.1029,0.0837,0.9240,-0.999678,0.007428,0.016506,0.017802,
-0.1059,0.0888,0.9256,-0.999742,0.008587,0.018200,0.010490,
-0.1092,0.0943,0.9286,-0.999755,0.009660,0.019668,0.003157,
-0.1125,0.0999,0.9268,-0.999734,0.009822,0.020530,-0.003769,
-0.1156,0.1050,0.9282,-0.999691,0.008715,0.020123,-0.011743,
-0.1186,0.1104,0.9297,-0.999613,0.007105,0.018154,-0.019842,
-0.1217,0.1159,0.9329,-0.999453,0.004679,0.015536,-0.028832,
-0.1252,0.1217,0.9341,-0.999154,0.001743,0.013022,-0.038978,
-0.1284,0.1277,0.9296,-0.998685,-0.000841,0.010832,-0.050103,
-0.1315,0.1339,0.9300,-0.998028,-0.002526,0.009328,-0.062023,
-0.1357,0.1407,0.9303,-0.997259,-0.003204,0.008557,-0.073418,
-0.1395,0.1479,0.9302,-0.995966,-0.003529,0.007895,-0.089314,
-0.1424,0.1549,0.9272,-0.994709,-0.003952,0.007517,-0.102385,
-0.1441,0.1617,0.9270,-0.992832,-0.004536,0.006570,-0.119253,
-0.1456,0.1683,0.9314,-0.990886,-0.005006,0.005211,-0.134506,
-0.1471,0.1754,0.9306,-0.988618,-0.006155,0.003417,-0.150284,
-0.1485,0.1828,0.9305,-0.986051,-0.006556,0.000741,-0.166315,
-0.1497,0.1897,0.9301,-0.983195,-0.005964,-0.002200,-0.182446,
-0.1503,0.1964,0.9271,-0.979896,-0.005450,-0.004681,-0.199379,
-0.1504,0.2029,0.9268,-0.976863,-0.005100,-0.006107,-0.213720,
-0.1504,0.2087,0.9253,-0.972812,-0.004266,-0.006909,-0.231454,
-0.1504,0.2138,0.9273,-0.969303,-0.003020,-0.006921,-0.245753,
-0.1504,0.2182,0.9264,-0.965352,-0.000382,-0.006394,-0.260872,
-0.1507,0.2222,0.9246,-0.961332,0.004022,-0.005042,-0.275318,
-0.1503,0.2263,0.9185,-0.956979,0.009780,-0.002721,-0.289980,
-0.1496,0.2302,0.9159,-0.953047,0.014170,-0.000414,-0.302491,
-0.1494,0.2331,0.9152,-0.949661,0.016351,0.001198,-0.312849,
-0.1487,0.2346,0.9172,-0.945729,0.017065,0.002307,-0.324500,
-0.1478,0.2352,0.9128,-0.941272,0.017127,0.002630,-0.337204,
-0.1473,0.2353,0.9127,-0.937429,0.017684,0.002629,-0.347718,
-0.1479,0.2356,0.9138,-0.933578,0.018422,0.002976,-0.357887,
-0.1488,0.2358,0.9117,-0.930152,0.018603,0.003551,-0.366686,
-0.1498,0.2356,0.9127,-0.926015,0.017489,0.004586,-0.377053,
-0.1511,0.2348,0.9121,-0.922480,0.015498,0.005453,-0.385695,
-0.1524,0.2337,0.9144,-0.918334,0.012666,0.006175,-0.395556,
-0.1534,0.2320,0.9162,-0.914985,0.010630,0.006171,-0.403299,
-0.1542,0.2306,0.9142,-0.911094,0.008998,0.005250,-0.412067,
-0.1546,0.2287,0.9156,-0.906887,0.008907,0.003632,-0.421265,
-0.1547,0.2259,0.9178,-0.903619,0.010083,0.002224,-0.428212,
-0.1546,0.2230,0.9208,-0.900716,0.009918,0.000968,-0.434294,
-0.1541,0.2198,0.9212,-0.896410,0.008507,-0.001427,-0.443142,
-0.1531,0.2164,0.9223,-0.891967,0.009518,-0.004044,-0.451982,
-0.1519,0.2114,0.9185,-0.887995,0.013048,-0.005671,-0.459634,
-0.1505,0.2066,0.9192,-0.883516,0.019093,-0.005746,-0.467976,
-0.1489,0.2020,0.9197,-0.880036,0.024221,-0.004170,-0.474271,
-0.1469,0.1970,0.9170,-0.877282,0.028054,-0.002504,-0.479148,
-0.1449,0.1922,0.9210,-0.873852,0.030552,-0.001466,-0.485228,
-0.1428,0.1879,0.9217,-0.870696,0.030451,-0.001776,-0.490875,
-0.1380,0.1836,0.9232,-0.867530,0.030043,-0.003072,-0.496466,
-0.1334,0.1801,0.9208,-0.864234,0.030762,-0.004461,-0.502129,
-0.1289,0.1775,0.9212,-0.860711,0.031176,-0.005646,-0.508108,
-0.1259,0.1767,0.9254,-0.856844,0.030830,-0.006430,-0.514612,
-0.1227,0.1764,0.9245,-0.853219,0.030821,-0.006485,-0.520601,
-0.1197,0.1766,0.9252,-0.848809,0.030572,-0.005551,-0.527786,
-0.1192,0.1776,0.9219,-0.844182,0.029201,-0.003767,-0.535248,
-0.1183,0.1791,0.9233,-0.839658,0.027298,-0.002168,-0.542425,
-0.1168,0.1812,0.9242,-0.832988,0.024597,-0.000485,-0.552744,
-0.1142,0.1851,0.9274,-0.828089,0.022525,-0.000066,-0.560145,
-0.1115,0.1888,0.9230,-0.822886,0.022055,-0.000006,-0.567779,
-0.1086,0.1924,0.9208,-0.818278,0.025536,-0.000647,-0.574255,
-0.1058,0.1974,0.9206,-0.813111,0.026417,-0.003092,-0.581501,
-0.1026,0.2020,0.9192,-0.807964,0.024703,-0.006678,-0.588676,
-0.0994,0.2059,0.9187,-0.804268,0.024644,-0.009285,-0.593682,
-0.0961,0.2081,0.9124,-0.801074,0.026611,-0.010928,-0.597874,
-0.0925,0.2104,0.9124,-0.799015,0.029891,-0.011697,-0.600454,
-0.0888,0.2128,0.9123,-0.797569,0.032416,-0.012835,-0.602220,
-0.0846,0.2159,0.9117,-0.796267,0.034530,-0.014669,-0.603780,
-0.0801,0.2191,0.9063,-0.795307,0.036101,-0.016061,-0.604918,
-0.0753,0.2220,0.9040,-0.794393,0.036643,-0.016578,-0.606072,
-0.0695,0.2244,0.9042,-0.793935,0.035792,-0.016339,-0.606728,
-0.0638,0.2272,0.9064,-0.794044,0.035564,-0.015142,-0.606630,
-0.0584,0.2306,0.9075,-0.794577,0.035439,-0.014135,-0.605963,
-0.0531,0.2347,0.9087,-0.795487,0.034466,-0.014220,-0.604823,
-0.0475,0.2389,0.9037,-0.796551,0.033470,-0.015775,-0.603438,
-0.0417,0.2436,0.9039,-0.797813,0.032854,-0.018715,-0.601718,
-0.0357,0.2488,0.9054,-0.798880,0.032368,-0.021985,-0.600216,
-0.0294,0.2542,0.9049,-0.800116,0.031758,-0.025908,-0.598443,
-0.0233,0.2587,0.9042,-0.801039,0.032078,-0.028197,-0.597086,
-0.0173,0.2626,0.9059,-0.802127,0.034418,-0.029918,-0.595409,
-0.0111,0.2669,0.9078,-0.803171,0.037100,-0.031400,-0.593762,
-0.0045,0.2715,0.9105,-0.803500,0.038339,-0.033492,-0.593124,
0.0023,0.2763,0.9122,-0.803306,0.041106,-0.034582,-0.593139,
0.0091,0.2815,0.9127,-0.803524,0.045576,-0.033586,-0.592574,
0.0171,0.2877,0.9177,-0.803784,0.047881,-0.031712,-0.592143,
0.0250,0.2943,0.9166,-0.803730,0.048830,-0.029341,-0.592261,
0.0325,0.3011,0.9184,-0.803750,0.051233,-0.026939,-0.592144,
0.0402,0.3089,0.9198,-0.804116,0.054776,-0.025408,-0.591398,
0.0479,0.3173,0.9194,-0.804579,0.056931,-0.025706,-0.590551,
0.0553,0.3257,0.9206,-0.804652,0.057203,-0.027590,-0.590341,
0.0627,0.3337,0.9252,-0.804149,0.057295,-0.030043,-0.590896,
0.0695,0.3420,0.9210,-0.803049,0.058300,-0.032072,-0.592187,
0.0756,0.3508,0.9215,-0.801474,0.059802,-0.033444,-0.594091,
0.0804,0.3608,0.9216,-0.799936,0.060694,-0.033652,-0.596058,
0.0844,0.3714,0.9243,-0.798492,0.060207,-0.032686,-0.598095,
0.0880,0.3825,0.9245,-0.797310,0.058921,-0.031216,-0.599876,
0.0914,0.3944,0.9230,-0.796347,0.057219,-0.030373,-0.601361,
0.0945,0.4070,0.9196,-0.795461,0.055640,-0.031436,-0.602626,
0.0972,0.4204,0.9183,-0.794325,0.054362,-0.034627,-0.604065,
0.0997,0.4345,0.9133,-0.792999,0.054062,-0.038873,-0.605573,
0.1021,0.4495,0.9051,-0.791346,0.054800,-0.044002,-0.607316,
0.1043,0.4650,0.9023,-0.789550,0.058493,-0.048569,-0.608958,
0.1047,0.4806,0.9009,-0.788315,0.063945,-0.050809,-0.609827,
0.1054,0.4966,0.8996,-0.786625,0.068244,-0.053280,-0.611331,
0.1066,0.5133,0.8968,-0.784968,0.069674,-0.054929,-0.613151,
0.1083,0.5298,0.8940,-0.784196,0.072228,-0.054353,-0.613894,
0.1105,0.5464,0.8933,-0.784579,0.077008,-0.051167,-0.613096,
0.1129,0.5625,0.8917,-0.785112,0.080678,-0.048089,-0.612191,
0.1155,0.5779,0.8889,-0.785380,0.082646,-0.045774,-0.611762,
0.1180,0.5924,0.8855,-0.785483,0.082632,-0.044913,-0.611696,
0.1209,0.6091,0.8844,-0.785905,0.082932,-0.044636,-0.611132,
0.1252,0.6246,0.8782,-0.786965,0.083118,-0.045059,-0.609711,
0.1296,0.6404,0.8786,-0.788421,0.081490,-0.046354,-0.607950,
0.1341,0.6567,0.8786,-0.789826,0.079277,-0.048699,-0.606233,
0.1385,0.6703,0.8821,-0.791071,0.077531,-0.051584,-0.604595,
0.1431,0.6847,0.8754,-0.792110,0.075850,-0.054356,-0.603203,
0.1475,0.6990,0.8777,-0.793149,0.073603,-0.057562,-0.601817,
0.1510,0.7141,0.8782,-0.793932,0.071138,-0.061289,-0.600711,
0.1545,0.7293,0.8762,-0.793791,0.069132,-0.065436,-0.600695,
0.1581,0.7447,0.8802,-0.792870,0.068012,-0.070303,-0.601489,
0.1625,0.7594,0.8813,-0.792257,0.068887,-0.073971,-0.601757,
0.1669,0.7742,0.8765,-0.791841,0.071053,-0.076647,-0.601718,
0.1711,0.7892,0.8757,-0.790501,0.073128,-0.079466,-0.602865,
0.1750,0.8038,0.8766,-0.788536,0.075230,-0.081743,-0.604872,
0.1789,0.8185,0.8781,-0.787033,0.078507,-0.082304,-0.606335,
0.1829,0.8331,0.8779,-0.786237,0.082644,-0.080815,-0.607018,
0.1865,0.8482,0.8800,-0.785719,0.084952,-0.078861,-0.607626,
0.1901,0.8630,0.8820,-0.785069,0.085635,-0.077532,-0.608541,
0.1943,0.8779,0.8796,-0.784168,0.086456,-0.076226,-0.609750,
0.2002,0.8931,0.8812,-0.783535,0.087496,-0.074989,-0.610568,
0.2053,0.9081,0.8823,-0.783445,0.087404,-0.074224,-0.610790,
0.2099,0.9231,0.8854,-0.783368,0.085749,-0.074181,-0.611129,
0.2144,0.9383,0.8863,-0.782891,0.084160,-0.074961,-0.611866,
0.2181,0.9535,0.8844,-0.782066,0.083701,-0.075453,-0.612922,
0.2208,0.9692,0.8832,-0.781514,0.083822,-0.075352,-0.613622,
0.2227,0.9856,0.8832,-0.780943,0.083472,-0.075305,-0.614402,
0.2241,1.0020,0.8822,-0.779849,0.082290,-0.076225,-0.615836,
0.2252,1.0187,0.8844,-0.778394,0.081363,-0.077523,-0.617635,
0.2260,1.0356,0.8838,-0.776846,0.081402,-0.077827,-0.619537,
0.2268,1.0522,0.8799,-0.775108,0.082984,-0.075966,-0.621732,
0.2269,1.0691,0.8763,-0.773431,0.084518,-0.071610,-0.624126,
0.2267,1.0860,0.8776,-0.771837,0.083053,-0.066108,-0.626896,
0.2274,1.1019,0.8811,-0.770513,0.079990,-0.059436,-0.629586,
0.2287,1.1160,0.8844,-0.769986,0.076799,-0.054040,-0.631113,
0.2306,1.1289,0.8815,-0.769339,0.072434,-0.048869,-0.632837,
0.2326,1.1413,0.8845,-0.768405,0.068168,-0.044910,-0.634736,
0.2349,1.1539,0.8784,-0.767372,0.061951,-0.040793,-0.636898,
0.2372,1.1654,0.8817,-0.766410,0.056205,-0.036558,-0.638842,
0.2397,1.1764,0.8846,-0.765729,0.051515,-0.031230,-0.640336,
0.2440,1.1878,0.8868,-0.765509,0.047009,-0.022728,-0.641304,
0.2486,1.1987,0.8852,-0.765931,0.043256,-0.014646,-0.641299,
0.2532,1.2088,0.8882,-0.766596,0.039128,-0.008503,-0.640880,
0.2568,1.2203,0.8899,-0.767294,0.034610,-0.005171,-0.640339,
0.2604,1.2314,0.8875,-0.767946,0.030367,-0.004176,-0.639781,
0.2643,1.2418,0.8896,-0.768974,0.028656,-0.003777,-0.638626,
0.2694,1.2531,0.8937,-0.770541,0.029428,-0.003323,-0.636703,
0.2747,1.2639,0.8950,-0.772536,0.031768,-0.002394,-0.634171,
0.2798,1.2748,0.8974,-0.774174,0.031184,-0.000853,-0.632204,
0.2856,1.2818,0.8970,-0.774825,0.027727,0.001132,-0.631566,
0.2908,1.2893,0.8966,-0.775050,0.025168,0.003857,-0.631387,
0.2957,1.2968,0.8993,-0.775757,0.024002,0.007309,-0.630533,
0.2993,1.3064,0.9021,-0.776810,0.021648,0.009281,-0.629295,
0.3025,1.3146,0.9081,-0.776987,0.017313,0.007820,-0.629230,
0.3052,1.3222,0.9098,-0.775957,0.015392,0.004409,-0.630582,
0.3094,1.3290,0.9113,-0.773706,0.016286,-0.001142,-0.633334,
0.3122,1.3358,0.9138,-0.771336,0.018375,-0.005629,-0.636138,
0.3140,1.3423,0.9115,-0.768963,0.019622,-0.009010,-0.638929,
0.3133,1.3472,0.9122,-0.765944,0.020132,-0.011218,-0.642494,
0.3121,1.3522,0.9110,-0.762521,0.019929,-0.011945,-0.646546,
0.3106,1.3569,0.9132,-0.759165,0.019053,-0.011326,-0.650521,
0.3084,1.3609,0.9144,-0.755493,0.018010,-0.010369,-0.654827,
0.3059,1.3650,0.9153,-0.751576,0.017052,-0.009998,-0.659350,
0.3029,1.3695,0.9126,-0.745573,0.014951,-0.010676,-0.666170,
0.3000,1.3752,0.9133,-0.740071,0.013316,-0.011953,-0.672290,
0.2968,1.3808,0.9144,-0.733229,0.013618,-0.012535,-0.679730,
0.2932,1.3862,0.9145,-0.725962,0.015165,-0.012043,-0.687462,
0.2886,1.3919,0.9145,-0.717483,0.016266,-0.011140,-0.696297,
0.2841,1.3970,0.9167,-0.707923,0.016973,-0.009108,-0.706027,
0.2797,1.4019,0.9149,-0.699147,0.017257,-0.006044,-0.714744,
0.2756,1.4063,0.9139,-0.690463,0.017067,-0.001639,-0.723165,
0.2716,1.4102,0.9103,-0.682318,0.016672,0.003077,-0.730858,
0.2675,1.4142,0.9116,-0.674886,0.016866,0.007237,-0.737694,
0.2634,1.4181,0.9101,-0.666197,0.017699,0.011541,-0.745476,
0.2595,1.4214,0.9082,-0.657812,0.019330,0.014719,-0.752790,
0.2557,1.4245,0.9049,-0.648200,0.021525,0.016597,-0.760985,
0.2519,1.4275,0.9037,-0.639248,0.023162,0.016253,-0.768480,
0.2483,1.4300,0.9000,-0.630199,0.023988,0.014573,-0.775927,
0.2454,1.4315,0.8988,-0.620918,0.023637,0.012770,-0.783415,
0.2428,1.4324,0.8987,-0.610898,0.022262,0.011813,-0.791308,
0.2400,1.4331,0.8987,-0.600761,0.020646,0.012142,-0.799069,
0.2369,1.4332,0.8990,-0.589943,0.019478,0.013563,-0.807096,
0.2336,1.4330,0.8964,-0.579604,0.018984,0.015314,-0.814533,
0.2304,1.4327,0.8969,-0.566926,0.017912,0.016947,-0.823399,
0.2271,1.4332,0.8958,-0.555065,0.016475,0.017503,-0.831459,
0.2239,1.4340,0.8952,-0.542693,0.015157,0.016805,-0.839626,
0.2210,1.4347,0.8962,-0.531538,0.014741,0.015546,-0.846764,
0.2180,1.4349,0.8961,-0.517083,0.015615,0.014101,-0.855677,
0.2155,1.4350,0.8959,-0.505171,0.016161,0.012725,-0.862774,
0.2137,1.4353,0.8975,-0.491475,0.016399,0.010965,-0.870668,
0.2128,1.4356,0.9027,-0.475229,0.019532,0.010643,-0.879581,
0.2123,1.4361,0.8989,-0.460369,0.022766,0.011515,-0.887361,
0.2119,1.4369,0.9004,-0.446418,0.023385,0.011335,-0.894447,
0.2127,1.4374,0.9034,-0.428022,0.022545,0.010937,-0.903421,
0.2135,1.4380,0.9016,-0.412095,0.022477,0.012779,-0.910774,
0.2147,1.4386,0.9029,-0.397680,0.022682,0.016782,-0.917090,
0.2141,1.4401,0.9045,-0.383867,0.021931,0.020408,-0.922902,
0.2141,1.4414,0.9075,-0.370627,0.020625,0.021953,-0.928293,
0.2144,1.4427,0.9088,-0.356572,0.019812,0.021661,-0.933807,
0.2157,1.4459,0.9094,-0.343724,0.019504,0.019744,-0.938660,
0.2169,1.4489,0.9037,-0.329788,0.020150,0.017349,-0.943680,
0.2177,1.4515,0.9036,-0.315429,0.022158,0.015724,-0.948560,
0.2184,1.4528,0.9030,-0.299838,0.024884,0.015096,-0.953546,
0.2190,1.4542,0.9085,-0.286121,0.026193,0.014446,-0.957727,
0.2197,1.4555,0.9083,-0.273865,0.026259,0.013610,-0.961313,
0.2201,1.4555,0.9079,-0.257942,0.026355,0.013546,-0.965706,
0.2204,1.4557,0.9050,-0.243412,0.026414,0.013952,-0.969463,
0.2206,1.4562,0.9066,-0.229156,0.026589,0.014118,-0.972924,
0.2213,1.4573,0.9062,-0.215818,0.027794,0.014479,-0.975931,
0.2219,1.4585,0.9014,-0.203625,0.029375,0.014351,-0.978503,
0.2221,1.4601,0.9022,-0.193196,0.031011,0.013570,-0.980576,
0.2211,1.4621,0.9021,-0.183224,0.032252,0.011701,-0.982472,
0.2206,1.4645,0.8999,-0.173447,0.033617,0.009982,-0.984219,
0.2202,1.4670,0.9017,-0.167072,0.034831,0.010043,-0.985278,
0.2190,1.4692,0.9025,-0.161085,0.035829,0.010439,-0.986235,
0.2183,1.4716,0.9001,-0.155132,0.037030,0.010359,-0.987145,
0.2178,1.4744,0.8957,-0.148903,0.040101,0.010967,-0.987978,
0.2180,1.4780,0.8956,-0.144844,0.043444,0.012076,-0.988426,
0.2180,1.4814,0.8960,-0.142461,0.045897,0.012447,-0.988657,
0.2189,1.4849,0.8961,-0.141276,0.047289,0.011623,-0.988772,
0.2208,1.4884,0.8967,-0.140893,0.048278,0.010480,-0.988792,
0.2224,1.4918,0.8939,-0.141277,0.049901,0.009182,-0.988669,
0.2233,1.4947,0.8951,-0.141813,0.051762,0.007987,-0.988507,
0.2236,1.4970,0.8959,-0.142195,0.053936,0.007022,-0.988343,
0.2237,1.4996,0.8959,-0.142875,0.057565,0.006479,-0.988044,
0.2238,1.5019,0.8950,-0.144230,0.062751,0.006894,-0.987528,
0.2239,1.5043,0.8959,-0.147770,0.070728,0.007762,-0.986459,
0.2238,1.5073,0.8963,-0.151380,0.076772,0.006627,-0.985467,
0.2244,1.5116,0.8999,-0.154457,0.084341,0.002606,-0.984390,
0.2250,1.5167,0.8941,-0.156800,0.092232,0.000569,-0.983314,
0.2246,1.5217,0.8933,-0.160258,0.098488,0.001355,-0.982149,
0.2235,1.5261,0.9003,-0.166209,0.103918,0.003134,-0.980595,
0.2219,1.5304,0.8969,-0.171821,0.107224,0.003486,-0.979269,
0.2194,1.5351,0.8970,-0.176671,0.110431,0.002406,-0.978052,
0.2167,1.5416,0.8916,-0.180330,0.114018,0.000614,-0.976975,
0.2133,1.5487,0.8903,-0.184129,0.118815,-0.001643,-0.975693,
0.2085,1.5556,0.8901,-0.187450,0.122424,-0.004386,-0.974605,
0.2028,1.5623,0.8883,-0.190727,0.124411,-0.007254,-0.973700,
0.1958,1.5687,0.8873,-0.193029,0.124536,-0.008517,-0.973220,
0.1876,1.5749,0.8874,-0.195078,0.123504,-0.008416,-0.972944,
0.1778,1.5808,0.8846,-0.195751,0.121757,-0.007889,-0.973034,
0.1667,1.5865,0.8924,-0.195079,0.119407,-0.007594,-0.973462,
0.1543,1.5921,0.8926,-0.193401,0.117810,-0.007978,-0.973988,
0.1396,1.5985,0.8938,-0.190749,0.116513,-0.009146,-0.974657,
0.1237,1.6050,0.8891,-0.188024,0.115916,-0.010558,-0.975243,
0.1068,1.6116,0.8889,-0.185381,0.115850,-0.011532,-0.975746,
0.0887,1.6174,0.8868,-0.183438,0.117312,-0.009720,-0.975958,
0.0702,1.6232,0.8831,-0.183309,0.118451,-0.006309,-0.975872,
0.0516,1.6293,0.8836,-0.183167,0.117779,-0.005360,-0.975986,
0.0331,1.6350,0.8821,-0.181977,0.117466,-0.005333,-0.976247,
0.0139,1.6412,0.8843,-0.182087,0.117968,-0.004064,-0.976172,
-0.0049,1.6480,0.8863,-0.183705,0.117854,-0.002145,-0.975888,
-0.0234,1.6542,0.8847,-0.184799,0.116880,-0.001769,-0.975800,
-0.0420,1.6609,0.8841,-0.185546,0.114581,-0.002159,-0.975930,
-0.0609,1.6683,0.8871,-0.186597,0.110464,-0.002825,-0.976203,
-0.0788,1.6774,0.8876,-0.187774,0.104793,-0.003192,-0.976601,
-0.0952,1.6856,0.8855,-0.188621,0.099854,-0.002519,-0.976957,
-0.1115,1.6936,0.8879,-0.189397,0.095857,-0.000498,-0.977210,
-0.1275,1.7015,0.8894,-0.189888,0.093425,0.001926,-0.977349,
-0.1432,1.7092,0.8932,-0.190371,0.092011,0.004055,-0.977382,
-0.1609,1.7176,0.8923,-0.191272,0.091211,0.004445,-0.977280,
-0.1776,1.7254,0.8939,-0.192065,0.090207,0.001677,-0.977226,
-0.1939,1.7331,0.8905,-0.191935,0.088737,-0.003223,-0.977382,
-0.2101,1.7416,0.8945,-0.190947,0.088386,-0.006835,-0.977589,
-0.2263,1.7513,0.8966,-0.189834,0.089096,-0.007576,-0.977736,
-0.2424,1.7605,0.8949,-0.187550,0.090026,-0.007399,-0.978093,
-0.2586,1.7690,0.8958,-0.184970,0.092004,-0.005477,-0.978413,
-0.2749,1.7766,0.8974,-0.182992,0.094269,-0.001671,-0.978583,
-0.2910,1.7841,0.8967,-0.181200,0.094596,0.000986,-0.978886,
-0.3065,1.7920,0.8987,-0.179712,0.094176,0.003677,-0.979194,
-0.3212,1.8002,0.9004,-0.179820,0.093788,0.006989,-0.979193,
-0.3357,1.8082,0.9038,-0.180092,0.092355,0.009216,-0.979261,
-0.3501,1.8167,0.9021,-0.179463,0.091635,0.009049,-0.979446,
-0.3644,1.8256,0.9028,-0.178688,0.092863,0.008858,-0.979474,
-0.3792,1.8337,0.9012,-0.178629,0.094504,0.008299,-0.979332,
-0.3942,1.8409,0.9000,-0.178807,0.095232,0.006788,-0.979241,
-0.4096,1.8472,0.9007,-0.178538,0.095677,0.004904,-0.979258,
-0.4253,1.8533,0.9000,-0.178030,0.095979,0.002693,-0.979330,
-0.4411,1.8593,0.9021,-0.177337,0.095581,-0.000124,-0.979498,
-0.4570,1.8652,0.9025,-0.176034,0.094462,-0.003040,-0.979837,
-0.4737,1.8708,0.9032,-0.174195,0.093061,-0.004649,-0.980293,
-0.4900,1.8758,0.9064,-0.171400,0.091395,-0.004594,-0.980942,
-0.5083,1.8808,0.9060,-0.168027,0.089645,-0.002400,-0.981695,
-0.5270,1.8858,0.8997,-0.165374,0.088012,0.002186,-0.982294,
-0.5466,1.8898,0.8978,-0.164289,0.086085,0.007902,-0.982617,
-0.5666,1.8933,0.8983,-0.163011,0.083278,0.011426,-0.983037,
-0.5863,1.8974,0.8986,-0.160752,0.080169,0.012627,-0.983652,
-0.6056,1.9022,0.8998,-0.159334,0.076790,0.013883,-0.984136,
-0.6244,1.9075,0.8983,-0.159171,0.071441,0.016954,-0.984517,
-0.6425,1.9129,0.9008,-0.160000,0.066382,0.019498,-0.984689,
-0.6605,1.9194,0.9036,-0.162042,0.059348,0.021631,-0.984760,
-0.6784,1.9265,0.9023,-0.166028,0.051164,0.024259,-0.984494,
-0.6956,1.9333,0.9049,-0.170305,0.045549,0.026764,-0.983974,
-0.7105,1.9392,0.9069,-0.176549,0.039703,0.029034,-0.983062,
-0.7242,1.9445,0.9047,-0.182078,0.035363,0.028911,-0.982223,
-0.7376,1.9495,0.9070,-0.185916,0.032103,0.026699,-0.981678,
-0.7526,1.9576,0.9088,-0.189070,0.028513,0.021719,-0.981309,
-0.7675,1.9661,0.9152,-0.191478,0.024293,0.016594,-0.981056,
-0.7816,1.9738,0.9179,-0.193699,0.019372,0.013064,-0.980783,
-0.7952,1.9801,0.9149,-0.195367,0.013691,0.011050,-0.980572,
-0.8084,1.9859,0.9188,-0.195334,0.008651,0.009785,-0.980650,
-0.8209,1.9915,0.9214,-0.194969,0.004739,0.010560,-0.980741,
-0.8351,1.9965,0.9195,-0.193985,0.001479,0.010880,-0.980943,
-0.8491,2.0011,0.9177,-0.190784,-0.000021,0.011339,-0.981567,
-0.8625,2.0054,0.9190,-0.188216,0.002746,0.016552,-0.981984,
-0.8756,2.0088,0.9205,-0.187530,0.005594,0.022753,-0.981979,
-0.8881,2.0118,0.9201,-0.184826,0.005687,0.025101,-0.982434,
-0.9007,2.0145,0.9208,-0.180222,0.005011,0.023858,-0.983324,
-0.9083,2.0197,0.9232,-0.176734,0.004744,0.022855,-0.983982,
-0.9158,2.0248,0.9270,-0.174059,0.004995,0.022739,-0.984460,
-0.9232,2.0298,0.9276,-0.171559,0.005221,0.021334,-0.984929,
-0.9324,2.0325,0.9226,-0.166969,0.006005,0.017979,-0.985780,
-0.9417,2.0345,0.9201,-0.162325,0.008421,0.016839,-0.986558,
-0.9506,2.0356,0.9218,-0.157246,0.012478,0.018810,-0.987301,
-0.9586,2.0360,0.9211,-0.153791,0.014799,0.020492,-0.987780,
-0.9670,2.0359,0.9195,-0.150244,0.015825,0.020964,-0.988300,
-0.9752,2.0357,0.9191,-0.147681,0.016733,0.020613,-0.988679,
-0.9831,2.0356,0.9195,-0.144216,0.018919,0.019419,-0.989175,
-0.9907,2.0350,0.9194,-0.139430,0.022260,0.017428,-0.989828,
-0.9984,2.0341,0.9218,-0.133144,0.026508,0.015449,-0.990622,
-1.0065,2.0327,0.9224,-0.122296,0.032575,0.013418,-0.991868,
-1.0138,2.0305,0.9229,-0.109672,0.036047,0.011324,-0.993249,
-1.0204,2.0273,0.9172,-0.095508,0.037247,0.009413,-0.994687,
-1.0254,2.0235,0.9173,-0.075289,0.035607,0.008911,-0.996486,
-1.0301,2.0185,0.9120,-0.057591,0.031749,0.010788,-0.997777,
-1.0350,2.0126,0.9155,-0.036237,0.025555,0.015285,-0.998899,
-1.0407,2.0060,0.9156,-0.013338,0.018082,0.020333,-0.999541,
-1.0454,1.9985,0.9172,0.010787,0.011540,0.024492,-0.999575,
-1.0496,1.9908,0.9178,0.035948,0.007773,0.027096,-0.998956,
-1.0540,1.9838,0.9175,0.063840,0.007762,0.029594,-0.997491,
-1.0572,1.9767,0.9150,0.088454,0.009920,0.032203,-0.995510,
-1.0593,1.9692,0.9140,0.109880,0.011236,0.033113,-0.993330,
-1.0609,1.9605,0.9146,0.135819,0.010608,0.032367,-0.990148,
-1.0616,1.9526,0.9200,0.158278,0.007934,0.031839,-0.986849,
-1.0607,1.9452,0.9112,0.176439,0.004670,0.032488,-0.983764,
-1.0581,1.9378,0.9117,0.198292,0.001134,0.034635,-0.979530,
-1.0553,1.9307,0.9126,0.218600,0.000118,0.036273,-0.975140,
-1.0530,1.9235,0.9100,0.236465,0.001312,0.036157,-0.970966,
-1.0510,1.9169,0.9115,0.259738,0.005387,0.034646,-0.965042,
-1.0487,1.9110,0.9114,0.280715,0.010068,0.033658,-0.959148,
-1.0451,1.9055,0.9148,0.300789,0.013196,0.032805,-0.953035,
-1.0410,1.9005,0.9108,0.320601,0.014892,0.033634,-0.946500,
-1.0368,1.8963,0.9111,0.338769,0.015483,0.036988,-0.940015,
-1.0316,1.8920,0.9092,0.358402,0.015558,0.039927,-0.932583,
-1.0269,1.8887,0.9023,0.377001,0.016971,0.043741,-0.925024,
-1.0227,1.8862,0.9027,0.393824,0.019197,0.047297,-0.917767,
-1.0199,1.8854,0.9102,0.411495,0.021363,0.047611,-0.909917,
-1.0178,1.8854,0.9134,0.430890,0.022493,0.045903,-0.900955,
-1.0160,1.8858,0.9146,0.446076,0.021663,0.046687,-0.893514,
-1.0139,1.8865,0.9132,0.459070,0.019182,0.047910,-0.886900,
-1.0121,1.8876,0.9121,0.471171,0.016843,0.046399,-0.880660,
-1.0107,1.8888,0.9127,0.483443,0.016376,0.043397,-0.874146,
-1.0118,1.8898,0.9089,0.495649,0.018277,0.042195,-0.867305,
-1.0133,1.8905,0.9096,0.507915,0.021177,0.043284,-0.860059,
-1.0147,1.8906,0.9087,0.518434,0.023862,0.044589,-0.853621,
-1.0141,1.8899,0.9088,0.528873,0.026642,0.045094,-0.847083,
-1.0141,1.8891,0.9090,0.537425,0.029320,0.045206,-0.841588,
-1.0146,1.8881,0.9063,0.544575,0.031694,0.044648,-0.836923,
-1.0161,1.8871,0.9060,0.553353,0.034799,0.044252,-0.831042,
-1.0179,1.8861,0.9020,0.561129,0.037581,0.046872,-0.825545,
-1.0199,1.8850,0.9026,0.569675,0.040208,0.047224,-0.819526,
-1.0223,1.8837,0.9029,0.577180,0.041366,0.046637,-0.814234,
-1.0250,1.8828,0.9034,0.583112,0.040373,0.047108,-0.810019,
-1.0279,1.8822,0.9009,0.587508,0.038244,0.048147,-0.806879,
-1.0307,1.8815,0.9014,0.591335,0.036764,0.049607,-0.804059,
-1.0335,1.8809,0.9025,0.595004,0.037094,0.051402,-0.801219,
-1.0369,1.8801,0.8999,0.598062,0.038998,0.052444,-0.798781,
-1.0414,1.8793,0.9004,0.601229,0.042609,0.053307,-0.796158,
-1.0457,1.8782,0.8931,0.603182,0.045837,0.054317,-0.794430,
-1.0495,1.8773,0.8950,0.604088,0.048145,0.054025,-0.793625,
-1.0525,1.8767,0.8964,0.604118,0.050005,0.053351,-0.793533,
-1.0557,1.8757,0.8972,0.603574,0.051462,0.053448,-0.793848,
-1.0588,1.8744,0.8995,0.602584,0.053433,0.054749,-0.794381,
-1.0622,1.8725,0.9012,0.601022,0.056742,0.056512,-0.795210,
-1.0659,1.8702,0.9038,0.599439,0.061389,0.058755,-0.795897,
-1.0697,1.8679,0.9000,0.597544,0.066306,0.062608,-0.796633,
-1.0739,1.8654,0.9009,0.595063,0.073818,0.066084,-0.797549,
-1.0784,1.8620,0.9048,0.593306,0.081121,0.067037,-0.798069,
-1.0831,1.8592,0.9074,0.591214,0.085544,0.067804,-0.799094,
-1.0882,1.8563,0.9050,0.587766,0.086600,0.070084,-0.801324,
-1.0938,1.8527,0.9063,0.584339,0.086096,0.072018,-0.803709,
-1.0998,1.8479,0.9043,0.581011,0.085963,0.072987,-0.806045,
-1.1061,1.8420,0.9026,0.578080,0.087015,0.073959,-0.807949,
-1.1126,1.8350,0.9022,0.575324,0.089072,0.075346,-0.809562,
-1.1204,1.8273,0.9027,0.572725,0.091180,0.075858,-0.811121,
-1.1285,1.8188,0.9023,0.570057,0.092837,0.075929,-0.812805,
-1.1364,1.8091,0.9005,0.566916,0.094480,0.075771,-0.814824,
-1.1437,1.7977,0.8970,0.563731,0.096384,0.076506,-0.816740,
-1.1508,1.7850,0.8948,0.560424,0.099092,0.078136,-0.818535,
-1.1580,1.7714,0.8918,0.557662,0.101984,0.078751,-0.820007,
-1.1658,1.7563,0.8875,0.555722,0.104556,0.078929,-0.820982,
-1.1735,1.7400,0.8855,0.553983,0.106872,0.080678,-0.821688,
-1.1810,1.7229,0.8821,0.552444,0.107403,0.086950,-0.822016,
-1.1883,1.7049,0.8784,0.550861,0.107112,0.093849,-0.822357,
-1.1956,1.6862,0.8682,0.550114,0.107422,0.097781,-0.822359,
-1.2031,1.6672,0.8668,0.550201,0.107643,0.099576,-0.822056,
-1.2112,1.6493,0.8692,0.549771,0.105989,0.100035,-0.822503,
-1.2197,1.6316,0.8720,0.548605,0.103141,0.099653,-0.823689,
-1.2286,1.6143,0.8751,0.546486,0.099559,0.096708,-0.825887,
-1.2360,1.5983,0.8734,0.543707,0.096311,0.090103,-0.828848,
-1.2436,1.5824,0.8742,0.541207,0.094681,0.084475,-0.831261,
-1.2520,1.5659,0.8784,0.537857,0.093284,0.079265,-0.834102,
-1.2607,1.5508,0.8787,0.534617,0.092470,0.075855,-0.836589,
-1.2697,1.5349,0.8758,0.531399,0.091629,0.073231,-0.838962,
-1.2799,1.5162,0.8748,0.528498,0.090788,0.070565,-0.841111,
-1.2899,1.4967,0.8778,0.526341,0.089975,0.067722,-0.842783,
-1.2998,1.4781,0.8829,0.524587,0.088547,0.063516,-0.844354,
-1.3096,1.4603,0.8832,0.523546,0.086379,0.057036,-0.845686,
-1.3184,1.4450,0.8868,0.523715,0.083350,0.051767,-0.846224,
-1.3277,1.4294,0.8876,0.523762,0.079482,0.051696,-0.846572,
-1.3375,1.4131,0.8907,0.523618,0.075181,0.050917,-0.847100,
-1.3480,1.3950,0.8934,0.525969,0.070782,0.048434,-0.846168,
-1.3581,1.3768,0.8949,0.528534,0.064912,0.052936,-0.844770,
-1.3681,1.3581,0.8929,0.528787,0.056361,0.060279,-0.844733,
-1.3781,1.3379,0.8964,0.529569,0.048207,0.061041,-0.844693,
-1.3882,1.3179,0.9011,0.531298,0.040526,0.056482,-0.844328,
-1.3975,1.3026,0.8983,0.531079,0.033273,0.052683,-0.845028,
-1.4059,1.2930,0.9013,0.529264,0.027129,0.050461,-0.846521,
-1.4139,1.2820,0.9020,0.526830,0.022385,0.047366,-0.848354,
-1.4222,1.2689,0.9046,0.525678,0.021097,0.043526,-0.849307,
-1.4308,1.2539,0.9051,0.524701,0.020702,0.039696,-0.850109,
-1.4385,1.2383,0.9088,0.523704,0.019942,0.038669,-0.850789,
-1.4467,1.2187,0.9046,0.522487,0.018671,0.037960,-0.851597,
-1.4553,1.1958,0.9039,0.521782,0.017139,0.036339,-0.852132,
-1.4629,1.1728,0.9079,0.521003,0.014969,0.035507,-0.852684,
-1.4694,1.1500,0.9019,0.519830,0.012306,0.037651,-0.853351,
-1.4751,1.1275,0.9021,0.518538,0.010476,0.041643,-0.853975,
-1.4806,1.1050,0.9055,0.518596,0.010647,0.042606,-0.853891,
-1.4863,1.0814,0.9017,0.520074,0.011577,0.040481,-0.853083,
-1.4920,1.0573,0.9084,0.521367,0.010945,0.038359,-0.852400,
-1.4974,1.0340,0.9111,0.522224,0.007865,0.037299,-0.851956,
-1.5020,1.0114,0.9110,0.522497,0.002679,0.037585,-0.851808,
-1.5060,0.9898,0.9105,0.522249,-0.003971,0.036588,-0.851999,
-1.5098,0.9695,0.9136,0.521824,-0.008416,0.034001,-0.852334,
-1.5149,0.9484,0.9124,0.521363,-0.010095,0.030812,-0.852719,
-1.5206,0.9270,0.9138,0.520575,-0.009484,0.026673,-0.853346,
-1.5258,0.9065,0.9147,0.519455,-0.007282,0.024403,-0.854118,
-1.5310,0.8867,0.9200,0.518093,-0.004355,0.023506,-0.854990,
-1.5360,0.8674,0.9195,0.516781,-0.000228,0.021684,-0.855843,
-1.5408,0.8484,0.9189,0.516553,0.004491,0.018061,-0.856053,
-1.5440,0.8310,0.9213,0.517469,0.009380,0.013727,-0.855540,
-1.5470,0.8142,0.9200,0.519310,0.012472,0.012919,-0.854397,
-1.5506,0.7984,0.9199,0.519416,0.012801,0.015772,-0.854280,
-1.5532,0.7813,0.9134,0.519717,0.010767,0.016303,-0.854115,
-1.5553,0.7643,0.9131,0.523260,0.008456,0.018466,-0.851931,
-1.5571,0.7474,0.9117,0.526546,0.006218,0.024932,-0.849758,
-1.5611,0.7318,0.9091,0.528899,0.004436,0.030624,-0.848120,
-1.5653,0.7171,0.9080,0.530949,0.003161,0.033454,-0.846738,
-1.5693,0.7029,0.9077,0.532421,0.001912,0.034411,-0.845778,
-1.5741,0.6913,0.9079,0.533352,0.000211,0.033593,-0.845226,
-1.5785,0.6802,0.9081,0.533714,-0.001451,0.034136,-0.844974,
-1.5824,0.6694,0.9086,0.533749,-0.002729,0.036067,-0.844869,
-1.5864,0.6579,0.9057,0.534288,-0.003091,0.037230,-0.844477,
-1.5899,0.6467,0.9099,0.535978,-0.002718,0.035222,-0.843493,
-1.5927,0.6354,0.9105,0.539116,-0.002629,0.031261,-0.841647,
-1.5948,0.6263,0.9125,0.542203,-0.004368,0.028347,-0.839758,
-1.5962,0.6173,0.9106,0.545276,-0.009135,0.027725,-0.837748,
-1.5971,0.6084,0.9112,0.547273,-0.013963,0.029840,-0.836305,
-1.5959,0.5969,0.9072,0.548496,-0.018938,0.036106,-0.835159,
-1.5947,0.5859,0.9049,0.549424,-0.020370,0.037697,-0.834444,
-1.5939,0.5761,0.9062,0.550946,-0.018773,0.034798,-0.833603,
-1.5948,0.5684,0.9080,0.553050,-0.015000,0.030761,-0.832445,
-1.5956,0.5609,0.9058,0.554661,-0.012144,0.029559,-0.831462,
-1.5959,0.5533,0.9064,0.556025,-0.010564,0.030117,-0.830552,
-1.5945,0.5468,0.9076,0.557400,-0.009768,0.031599,-0.829585,
-1.5928,0.5404,0.9051,0.558536,-0.009491,0.033116,-0.828765,
-1.5910,0.5336,0.9051,0.559898,-0.009117,0.034728,-0.827783,
-1.5898,0.5276,0.9039,0.560677,-0.008623,0.035570,-0.827225,
-1.5886,0.5220,0.9063,0.561201,-0.007868,0.034543,-0.826921,
-1.5877,0.5166,0.9070,0.561712,-0.006620,0.032488,-0.826668,
-1.5863,0.5116,0.9053,0.562608,-0.005583,0.031074,-0.826121,
-1.5849,0.5066,0.9043,0.563819,-0.004973,0.030501,-0.825320,
-1.5832,0.5013,0.9038,0.565895,-0.004887,0.030588,-0.823896,
-1.5811,0.4964,0.9038,0.568062,-0.005319,0.030652,-0.822397,
-1.5788,0.4916,0.9062,0.570554,-0.005665,0.031661,-0.820630,
-1.5765,0.4870,0.9043,0.574497,-0.005979,0.033530,-0.817797,
-1.5751,0.4832,0.9041,0.578162,-0.005851,0.033921,-0.815196,
-1.5731,0.4795,0.9034,0.583759,-0.005786,0.033741,-0.811205,
-1.5709,0.4761,0.9033,0.589458,-0.005975,0.033326,-0.807090,
-1.5686,0.4729,0.9034,0.596375,-0.006010,0.032939,-0.802008,
-1.5658,0.4700,0.9032,0.604819,-0.005827,0.032460,-0.795680,
-1.5623,0.4672,0.9030,0.614387,-0.005173,0.032015,-0.788338,
-1.5584,0.4642,0.9025,0.625919,-0.004527,0.032263,-0.779207,
-1.5540,0.4619,0.8996,0.637251,-0.004442,0.033637,-0.769909,
-1.5490,0.4602,0.9012,0.648993,-0.004670,0.035609,-0.759947,
-1.5433,0.4591,0.9014,0.661088,-0.004841,0.036626,-0.749398,
-1.5379,0.4585,0.8998,0.672328,-0.004569,0.036400,-0.739343,
-1.5329,0.4586,0.9020,0.687284,-0.003986,0.034398,-0.725563,
-1.5286,0.4592,0.9033,0.701254,-0.003778,0.031766,-0.712193,
-1.5243,0.4601,0.9076,-0.713535,0.004550,-0.029755,0.699973,
-1.5193,0.4607,0.9065,-0.728594,0.006645,-0.027242,0.684372,
-1.5135,0.4609,0.9087,-0.742178,0.008321,-0.025007,0.669684,
-1.5079,0.4614,0.9079,-0.754572,0.008880,-0.023297,0.655744,
-1.5028,0.4617,0.9016,-0.768869,0.008072,-0.021348,0.638999,
-1.4982,0.4621,0.9038,-0.784710,0.006573,-0.020039,0.619504,
-1.4943,0.4630,0.9066,-0.797723,0.006898,-0.021712,0.602594,
-1.4899,0.4643,0.9070,-0.810458,0.007849,-0.024440,0.585234,
-1.4856,0.4659,0.9092,-0.822832,0.007502,-0.026332,0.567625,
-1.4811,0.4678,0.9134,-0.836424,0.006695,-0.028893,0.547279,
-1.4782,0.4703,0.9117,-0.849132,0.007515,-0.030867,0.527224,
-1.4763,0.4733,0.9133,-0.860066,0.011109,-0.031441,0.509093,
-1.4748,0.4769,0.9159,-0.868834,0.015545,-0.030665,0.493909,
-1.4729,0.4806,0.9163,-0.876191,0.017682,-0.028324,0.480805,
-1.4712,0.4844,0.9215,-0.884549,0.015947,-0.025054,0.465501,
-1.4697,0.4881,0.9235,-0.893749,0.010482,-0.024268,0.447788,
-1.4682,0.4914,0.9247,-0.900473,0.005350,-0.026113,0.434094,
-1.4665,0.4946,0.9244,-0.907832,-0.000556,-0.029518,0.418294,
-1.4644,0.4978,0.9246,-0.914560,-0.004891,-0.033463,0.403035,
-1.4624,0.5035,0.9236,-0.920516,-0.007345,-0.035911,0.388982,
-1.4604,0.5093,0.9257,-0.926801,-0.008796,-0.036690,0.373654,
-1.4585,0.5146,0.9259,-0.932004,-0.009200,-0.035981,0.360539,
-1.4565,0.5203,0.9267,-0.937078,-0.009734,-0.034597,0.347266,
-1.4544,0.5256,0.9298,-0.941533,-0.010863,-0.033544,0.335070,
-1.4521,0.5308,0.9294,-0.946667,-0.011375,-0.035205,0.320081,
-1.4482,0.5342,0.9195,-0.950279,-0.009992,-0.040206,0.308632,
-1.4449,0.5373,0.9204,-0.952899,-0.010612,-0.043417,0.299976,
-1.4425,0.5397,0.9202,-0.955771,-0.015554,-0.044347,0.290332,
-1.4417,0.5414,0.9205,-0.958156,-0.019822,-0.046582,0.281733,
-1.4414,0.5425,0.9174,-0.959865,-0.022012,-0.049545,0.275171,
-1.4414,0.5432,0.9183,-0.961028,-0.023449,-0.050751,0.270738,
-1.4410,0.5438,0.9179,-0.962578,-0.024302,-0.052876,0.264683,
-1.4406,0.5442,0.9150,-0.963683,-0.023995,-0.055232,0.260171,
-1.4400,0.5444,0.9136,-0.964696,-0.023109,-0.057875,0.255886,
-1.4388,0.5438,0.9138,-0.965193,-0.022206,-0.059577,0.253692,
-1.4384,0.5432,0.9138,-0.965610,-0.021743,-0.060782,0.251853,
-1.4382,0.5423,0.9137,-0.966148,-0.022999,-0.060809,0.249662,
-1.4373,0.5402,0.9155,-0.966796,-0.025610,-0.059742,0.247143,
-1.4367,0.5385,0.9153,-0.967688,-0.027823,-0.057688,0.243883,
-1.4366,0.5370,0.9233,-0.968699,-0.027360,-0.055378,0.240433,
-1.4379,0.5361,0.9260,-0.969585,-0.024430,-0.053422,0.237603,
-1.4394,0.5352,0.9243,-0.970431,-0.019815,-0.051300,0.235033,
-1.4407,0.5342,0.9263,-0.970971,-0.015253,-0.049672,0.233484,
-1.4412,0.5331,0.9296,-0.971280,-0.012235,-0.047889,0.232747,
-1.4420,0.5319,0.9321,-0.971982,-0.013043,-0.046115,0.230118,
-1.4432,0.5300,0.9293,-0.972862,-0.014093,-0.047283,0.226066,
-1.4459,0.5264,0.9301,-0.973457,-0.012874,-0.051864,0.222543,
-1.4481,0.5231,0.9307,-0.973364,-0.011683,-0.054802,0.222314,
-1.4497,0.5207,0.9332,-0.972898,-0.012706,-0.056540,0.223853,
-1.4507,0.5194,0.9343,-0.972428,-0.015350,-0.057780,0.225410,
-1.4515,0.5175,0.9343,-0.971655,-0.019249,-0.061218,0.227529,
-1.4523,0.5153,0.9357,-0.970688,-0.021699,-0.066985,0.229797,
-1.4531,0.5127,0.9362,-0.969443,-0.024539,-0.073253,0.232836,
-1.4537,0.5097,0.9324,-0.968264,-0.028223,-0.078177,0.235704,
-1.4543,0.5071,0.9372,-0.966978,-0.032883,-0.083979,0.238369,
-1.4547,0.5050,0.9380,-0.965972,-0.035657,-0.088815,0.240289,
-1.4544,0.5023,0.9331,-0.965120,-0.036530,-0.092219,0.242289,
-1.4539,0.4996,0.9381,-0.964623,-0.035536,-0.093609,0.243879,
-1.4532,0.4969,0.9394,-0.964537,-0.032814,-0.094463,0.244270,
-1.4513,0.4943,0.9412,-0.964636,-0.030132,-0.095046,0.244001,
-1.4479,0.4903,0.9388,-0.964662,-0.028811,-0.095840,0.243747,
-1.4431,0.4853,0.9394,-0.964516,-0.028433,-0.096935,0.243936,
-1.4376,0.4803,0.9376,-0.964276,-0.028888,-0.097480,0.244613,
-1.4308,0.4752,0.9364,-0.963888,-0.029762,-0.097526,0.246016,
-1.4234,0.4703,0.9359,-0.963562,-0.030225,-0.096774,0.247526,
-1.4153,0.4652,0.9357,-0.963251,-0.029945,-0.095177,0.249384,
-1.4065,0.4603,0.9357,-0.963107,-0.029384,-0.093366,0.250686,
-1.3966,0.4555,0.9348,-0.963154,-0.028765,-0.092204,0.251007,
-1.3855,0.4503,0.9376,-0.963425,-0.028097,-0.092558,0.249912,
-1.3736,0.4448,0.9358,-0.963802,-0.027507,-0.093703,0.248090,
-1.3609,0.4389,0.9336,-0.964248,-0.027256,-0.094903,0.245921,
-1.3471,0.4327,0.9303,-0.964680,-0.027189,-0.095698,0.243914,
-1.3319,0.4259,0.9266,-0.965004,-0.026870,-0.095860,0.242603,
-1.3156,0.4188,0.9228,-0.965424,-0.024893,-0.096527,0.240873,
-1.2987,0.4112,0.9210,-0.965688,-0.021518,-0.097943,0.239564,
-1.2806,0.4038,0.9144,-0.966044,-0.019475,-0.098367,0.238124,
-1.2619,0.3959,0.9094,-0.966402,-0.017327,-0.098708,0.236693,
-1.2435,0.3874,0.9084,-0.966433,-0.014684,-0.099589,0.236375,
-1.2247,0.3790,0.9042,-0.966367,-0.011429,-0.100836,0.236297,
-1.2058,0.3707,0.9053,-0.966361,-0.009525,-0.100812,0.236416,
-1.1876,0.3616,0.9065,-0.966396,-0.009522,-0.098804,0.237118,
-1.1700,0.3513,0.9023,-0.966457,-0.009678,-0.096473,0.237825,
-1.1527,0.3404,0.9064,-0.966619,-0.009234,-0.093418,0.238403,
-1.1355,0.3298,0.9078,-0.966836,-0.008150,-0.090428,0.238714,
-1.1192,0.3197,0.9048,-0.966957,-0.006511,-0.087632,0.239314,
-1.1036,0.3100,0.9068,-0.967010,-0.005434,-0.083930,0.240452,
-1.0883,0.3003,0.9090,-0.967198,-0.007510,-0.080760,0.240726,
-1.0723,0.2891,0.9102,-0.967596,-0.012208,-0.078533,0.239668,
-1.0557,0.2772,0.9073,-0.968065,-0.015726,-0.079323,0.237300,
-1.0392,0.2655,0.9099,-0.968037,-0.015716,-0.082261,0.236412,
-1.0228,0.2547,0.9104,-0.967592,-0.014275,-0.085113,0.237315,
-1.0062,0.2446,0.9137,-0.967728,-0.014595,-0.086466,0.236247,
-0.9890,0.2350,0.9121,-0.968583,-0.015674,-0.088090,0.232036,
-0.9734,0.2253,0.9186,-0.969567,-0.016587,-0.087552,0.228035,
-0.9595,0.2153,0.9225,-0.969958,-0.014496,-0.086077,0.227074,
-0.9460,0.2055,0.9287,-0.969782,-0.009202,-0.083914,0.228902,
-0.9319,0.1974,0.9309,-0.969965,-0.006985,-0.079452,0.229797,
-0.9172,0.1904,0.9341,-0.970605,-0.008273,-0.076999,0.227880,
-0.9020,0.1836,0.9373,-0.971078,-0.009620,-0.077445,0.225650,
-0.8857,0.1744,0.9371,-0.971423,-0.012054,-0.078601,0.223636,
-0.8689,0.1646,0.9330,-0.971807,-0.016270,-0.077912,0.221936,
-0.8509,0.1550,0.9344,-0.972098,-0.019239,-0.076383,0.220957,
-0.8344,0.1471,0.9372,-0.972257,-0.020160,-0.075435,0.220499,
-0.8177,0.1395,0.9381,-0.972442,-0.020774,-0.074749,0.219858,
-0.8006,0.1320,0.9380,-0.972793,-0.022960,-0.074084,0.218309,
-0.7818,0.1245,0.9407,-0.973182,-0.025119,-0.074761,0.216094,
-0.7626,0.1168,0.9386,-0.973421,-0.024803,-0.077511,0.214075,
-0.7436,0.1089,0.9383,-0.973346,-0.021100,-0.082775,0.212841,
-0.7229,0.1022,0.9395,-0.973444,-0.020132,-0.084609,0.211759,
-0.7022,0.0954,0.9401,-0.973853,-0.021553,-0.084034,0.209964,
-0.6821,0.0882,0.9402,-0.974074,-0.021050,-0.083973,0.209012,
-0.6641,0.0800,0.9379,-0.974038,-0.017617,-0.084843,0.209145,
-0.6470,0.0717,0.9368,-0.974148,-0.015403,-0.085348,0.208600,
-0.6303,0.0635,0.9371,-0.974447,-0.015163,-0.084627,0.207513,
-0.6135,0.0544,0.9372,-0.974660,-0.015724,-0.082995,0.207130,
-0.5977,0.0451,0.9351,-0.974726,-0.015331,-0.080738,0.207738,
-0.5828,0.0358,0.9368,-0.974905,-0.015143,-0.076504,0.208512,
-0.5683,0.0262,0.9393,-0.975264,-0.015128,-0.071883,0.208482,
-0.5541,0.0166,0.9410,-0.975680,-0.014435,-0.067786,0.207953,
-0.5403,0.0073,0.9426,-0.976107,-0.013081,-0.064056,0.207224,
-0.5262,-0.0015,0.9436,-0.976522,-0.012370,-0.060433,0.206399,
-0.5122,-0.0101,0.9416,-0.977039,-0.012245,-0.055995,0.205204,
-0.4985,-0.0184,0.9428,-0.977442,-0.010078,-0.053343,0.204108,
-0.4854,-0.0270,0.9422,-0.977793,-0.005772,-0.051598,0.203040,
-0.4724,-0.0350,0.9392,-0.978340,-0.002095,-0.049716,0.200935,
-0.4594,-0.0426,0.9407,-0.979051,0.002534,-0.047897,0.197887,
-0.4473,-0.0502,0.9453,-0.979552,0.009255,-0.045762,0.195698,
-0.4354,-0.0574,0.9472,-0.980087,0.013901,-0.042221,0.193531,
-0.4231,-0.0645,0.9499,-0.980661,0.016739,-0.037644,0.191331,
-0.4120,-0.0729,0.9479,-0.981072,0.018032,-0.032646,0.190017,
-0.4004,-0.0810,0.9493,-0.981273,0.019292,-0.028811,0.189478,
-0.3883,-0.0887,0.9513,-0.981368,0.020048,-0.027042,0.189164,
-0.3779,-0.0953,0.9534,-0.981484,0.019172,-0.026946,0.188667,
-0.3668,-0.1012,0.9565,-0.981600,0.016603,-0.028161,0.188128,
-0.3555,-0.1062,0.9549,-0.981645,0.012874,-0.029274,0.188015,
-0.3437,-0.1105,0.9557,-0.981666,0.008890,-0.029674,0.188075,
-0.3320,-0.1143,0.9548,-0.981737,0.004888,-0.028813,0.187986,
-0.3203,-0.1171,0.9544,-0.981905,0.000468,-0.026085,0.187567,
-0.3084,-0.1175,0.9548,-0.982062,-0.001762,-0.023647,0.187061,
-0.2963,-0.1175,0.9543,-0.982239,-0.002128,-0.022867,0.186222,
-0.2836,-0.1172,0.9539,-0.982424,-0.001406,-0.023779,0.185139,
-0.2696,-0.1166,0.9533,-0.982668,-0.001192,-0.025433,0.183615,
-0.2560,-0.1157,0.9500,-0.983076,-0.003587,-0.026886,0.181180,
-0.2430,-0.1147,0.9542,-0.983501,-0.006528,-0.028589,0.178507,
-0.2307,-0.1132,0.9532,-0.983791,-0.008523,-0.030561,0.176488,
-0.2188,-0.1119,0.9495,-0.983773,-0.008936,-0.032267,0.176264,
-0.2077,-0.1104,0.9508,-0.983500,-0.008783,-0.034575,0.177355,
-0.1979,-0.1082,0.9502,-0.983131,-0.008714,-0.036865,0.178934,
-0.1887,-0.1062,0.9455,-0.982635,-0.008250,-0.040028,0.180990,
-0.1806,-0.1044,0.9407,-0.982351,-0.008891,-0.041506,0.182164,
-0.1735,-0.1031,0.9408,-0.982192,-0.011181,-0.042412,0.182689,
-0.1672,-0.1018,0.9412,-0.982112,-0.014077,-0.042911,0.182802,
-0.1616,-0.1004,0.9411,-0.982140,-0.015219,-0.042869,0.182569,
-0.1565,-0.0989,0.9409,-0.982225,-0.014790,-0.041884,0.182378,
-0.1522,-0.0972,0.9438,-0.982379,-0.013014,-0.040064,0.182088,
-0.1479,-0.0954,0.9427,-0.982574,-0.010638,-0.037699,0.181698,
-0.1435,-0.0939,0.9424,-0.982745,-0.008247,-0.035743,0.181292,
-0.1400,-0.0923,0.9421,-0.982931,-0.004941,-0.033965,0.180746,
-0.1372,-0.0910,0.9421,-0.983174,-0.003088,-0.033576,0.179534,
-0.1346,-0.0900,0.9411,-0.983559,-0.001964,-0.035354,0.177079,
-0.1320,-0.0886,0.9381,-0.983941,-0.001670,-0.038229,0.174344,
-0.1305,-0.0864,0.9397,-0.984313,-0.002939,-0.040740,0.171637,
-0.1303,-0.0837,0.9394,-0.984618,-0.005444,-0.041105,0.169730,
-0.1303,-0.0814,0.9379,-0.984703,-0.006599,-0.040354,0.169376,
-0.1307,-0.0785,0.9348,-0.984642,-0.005657,-0.039665,0.169929,
-0.1314,-0.0752,0.9307,-0.984537,-0.004009,-0.039463,0.170624,
-0.1321,-0.0723,0.9308,-0.984552,-0.003754,-0.040182,0.170376,
-0.1328,-0.0702,0.9259,-0.984739,-0.005282,-0.041388,0.168960,
-0.1333,-0.0689,0.9235,-0.985086,-0.007530,-0.043362,0.166338,
-0.1335,-0.0675,0.9235,-0.985309,-0.008529,-0.044544,0.164650,
-0.1349,-0.0655,0.9280,-0.985459,-0.008640,-0.044876,0.163650,
-0.1367,-0.0633,0.9248,-0.985432,-0.007207,-0.044178,0.164072,
-0.1382,-0.0617,0.9258,-0.985348,-0.005915,-0.042533,0.165062,
-0.1388,-0.0601,0.9301,-0.985268,-0.005285,-0.040475,0.166077,
-0.1393,-0.0586,0.9320,-0.985224,-0.005601,-0.038788,0.166728,
-0.1395,-0.0573,0.9333,-0.985166,-0.005597,-0.038140,0.167220,
-0.1394,-0.0577,0.9308,-0.985058,-0.005560,-0.038562,0.167758,
-0.1393,-0.0582,0.9266,-0.984927,-0.005737,-0.038735,0.168481,
-0.1392,-0.0586,0.9276,-0.984847,-0.006178,-0.038265,0.169037,
-0.1392,-0.0591,0.9282,-0.984804,-0.006223,-0.037673,0.169418,
-0.1392,-0.0595,0.9253,-0.984797,-0.005892,-0.036632,0.169701,
-0.1393,-0.0598,0.9257,-0.984899,-0.005910,-0.034955,0.169462,
-0.1404,-0.0599,0.9267,-0.985041,-0.004950,-0.033798,0.168903,
-0.1415,-0.0597,0.9242,-0.985118,-0.003109,-0.034020,0.168448,
-0.1427,-0.0595,0.9229,-0.985114,-0.000294,-0.035371,0.168222,
-0.1419,-0.0590,0.9242,-0.985038,0.001197,-0.036626,0.168393,
-0.1414,-0.0586,0.9221,-0.984969,0.001492,-0.037044,0.168703,
-0.1410,-0.0583,0.9198,-0.984903,0.001524,-0.037182,0.169058,
-0.1408,-0.0583,0.9216,-0.984868,0.002064,-0.037538,0.169180,
-0.1405,-0.0583,0.9228,-0.984745,0.003498,-0.038045,0.169758,
-0.1402,-0.0584,0.9191,-0.984659,0.004281,-0.038108,0.170225,
-0.1393,-0.0573,0.9080,-0.984739,0.004930,-0.038149,0.169732,
-0.1384,-0.0564,0.8980,-0.984938,0.005924,-0.038285,0.168511,
-0.1376,-0.0557,0.8910,-0.985134,0.007495,-0.038365,0.167281,
-0.1375,-0.0549,0.8844,-0.985366,0.009505,-0.037907,0.165909,
-0.1373,-0.0543,0.8771,-0.985752,0.010440,-0.036259,0.163918,
-0.1370,-0.0536,0.8703,-0.986131,0.010511,-0.034482,0.162005,
-0.1377,-0.0539,0.8591,-0.986520,0.010448,-0.033077,0.159922,
-0.1379,-0.0539,0.8491,-0.986730,0.009978,-0.032886,0.158688,
-0.1376,-0.0537,0.8425,-0.986953,0.008049,-0.033196,0.157342,
-0.1368,-0.0530,0.8279,-0.987177,0.004436,-0.033917,0.155919,
-0.1356,-0.0523,0.8108,-0.987220,0.001930,-0.035287,0.155397,
-0.1339,-0.0514,0.7983,-0.987058,-0.000186,-0.035920,0.156288,
-0.1310,-0.0495,0.7821,-0.986943,-0.003616,-0.034352,0.157320,
-0.1281,-0.0480,0.7614,-0.986975,-0.008928,-0.030747,0.157653,
-0.1250,-0.0465,0.7450,-0.987159,-0.013759,-0.026843,0.156867,
-0.1225,-0.0455,0.7256,-0.987383,-0.016951,-0.023536,0.155669,
-0.1195,-0.0443,0.7075,-0.987609,-0.018493,-0.021496,0.154354,
-0.1160,-0.0429,0.6873,-0.987762,-0.019154,-0.020584,0.153411,
-0.1117,-0.0417,0.6639,-0.987773,-0.018872,-0.021421,0.153262,
-0.1075,-0.0406,0.6423,-0.987603,-0.017786,-0.023339,0.154208,
-0.1034,-0.0396,0.6260,-0.987245,-0.017061,-0.026070,0.156128,
-0.0994,-0.0385,0.6001,-0.986900,-0.016972,-0.028623,0.157867,
-0.0956,-0.0378,0.5847,-0.986484,-0.016420,-0.031222,0.160017,
-0.0919,-0.0370,0.5703,-0.986098,-0.015384,-0.032765,0.162172,
-0.0881,-0.0358,0.5433,-0.985759,-0.013996,-0.033564,0.164183,
-0.0846,-0.0351,0.5193,-0.985654,-0.012761,-0.033468,0.164934,
-0.0809,-0.0354,0.5002,-0.985630,-0.011071,-0.032936,0.165305,
-0.0771,-0.0363,0.4752,-0.985634,-0.008382,-0.032797,0.165467,
-0.0732,-0.0370,0.4512,-0.985572,-0.005587,-0.033257,0.165863,
-0.0694,-0.0377,0.4302,-0.985363,-0.002746,-0.034544,0.166910,
-0.0656,-0.0385,0.4077,-0.984930,0.000239,-0.036867,0.168977,
-0.0618,-0.0392,0.3842,-0.984493,0.001435,-0.038849,0.171062,
-0.0580,-0.0399,0.3669,-0.983844,0.003136,-0.042181,0.173958,
-0.0541,-0.0406,0.3458,-0.983174,0.004656,-0.045076,0.176963,
-0.0500,-0.0410,0.3254,-0.982456,0.006708,-0.048675,0.179908,
-0.0458,-0.0413,0.3075,-0.981756,0.008785,-0.052519,0.182537,
-0.0415,-0.0414,0.2883,-0.981030,0.010582,-0.055739,0.185370,
-0.0373,-0.0415,0.2738,-0.980366,0.012944,-0.058190,0.187962,
-0.0332,-0.0415,0.2610,-0.979892,0.015489,-0.059256,0.189897,
-0.0293,-0.0413,0.2458,-0.979546,0.018246,-0.059101,0.191478,
-0.0257,-0.0411,0.2384,-0.979473,0.019582,-0.057843,0.192102,
-0.0224,-0.0410,0.2284,-0.979611,0.019608,-0.055719,0.192023,
-0.0194,-0.0409,0.2179,-0.979726,0.018863,-0.053907,0.192031,
-0.0165,-0.0411,0.2144,-0.979668,0.017780,-0.053290,0.192600,
-0.0138,-0.0415,0.2112,-0.979280,0.016914,-0.054612,0.194274,
-0.0109,-0.0422,0.2078,-0.978703,0.016919,-0.057593,0.196311,
-0.0079,-0.0433,0.2055,-0.978701,0.014211,-0.053734,0.197623,
-0.0054,-0.0451,0.2071,-0.979639,0.009669,-0.041995,0.196088,
-0.0029,-0.0469,0.2082,-0.980107,0.011297,-0.034457,0.195131,
-0.0002,-0.0482,0.2103,-0.980986,0.014407,-0.024622,0.191972,
0.0023,-0.0486,0.2124,-0.981908,0.018578,-0.016069,0.187757,
0.0051,-0.0485,0.2151,-0.982529,0.016873,-0.011774,0.184969,
0.0088,-0.0489,0.2173,-0.982325,0.010515,-0.012670,0.186459,
0.0125,-0.0500,0.2197,-0.982012,0.004282,-0.011056,0.188446,
0.0155,-0.0511,0.2226,-0.982020,0.000952,-0.008001,0.188605,
0.0169,-0.0516,0.2267,-0.982025,-0.001252,-0.006182,0.188648,
0.0174,-0.0518,0.2305,-0.981903,-0.002563,-0.004386,0.189314,
0.0176,-0.0519,0.2342,-0.982064,-0.002956,-0.003765,0.188486,
0.0177,-0.0519,0.2384,-0.982084,-0.003192,-0.003923,0.188377,
0.0177,-0.0520,0.2423,-0.981875,-0.002969,-0.004035,0.189461,
0.0177,-0.0520,0.2465,-0.981990,-0.003001,-0.004177,0.188861,
0.0178,-0.0520,0.2505,-0.981900,-0.003056,-0.004053,0.189333,
0.0178,-0.0520,0.2545,-0.981847,-0.003050,-0.004039,0.189608,
0.0178,-0.0520,0.2583,-0.981909,-0.003110,-0.004116,0.189281,
0.0178,-0.0520,0.2624,-0.981792,-0.003077,-0.004000,0.189893,
0.0178,-0.0520,0.2665,-0.981805,-0.003149,-0.004057,0.189820,
0.0178,-0.0520,0.2709,-0.981791,-0.003123,-0.004022,0.189896,
0.0178,-0.0520,0.2749,-0.981719,-0.003175,-0.004010,0.190267,
0.0178,-0.0520,0.2792,-0.981752,-0.003223,-0.004055,0.190096,
0.0178,-0.0520,0.2835,-0.981684,-0.003219,-0.004010,0.190449,
0.0178,-0.0520,0.2879,-0.981668,-0.003275,-0.004048,0.190530,
0.0178,-0.0520,0.2919,-0.981667,-0.003244,-0.004032,0.190534,
0.0178,-0.0520,0.2957,-0.981600,-0.003279,-0.004014,0.190877,
0.0178,-0.0520,0.2996,-0.981603,-0.003293,-0.004024,0.190865,
0.0178,-0.0520,0.3037,-0.981557,-0.003305,-0.004006,0.191098,
0.0178,-0.0520,0.3083,-0.981526,-0.003338,-0.004015,0.191259,
0.0178,-0.0520,0.3126,-0.981515,-0.003328,-0.004003,0.191314,
0.0178,-0.0520,0.3160,-0.981469,-0.003352,-0.004002,0.191552,
0.0178,-0.0520,0.3202,-0.981456,-0.003356,-0.004000,0.191615,
0.0178,-0.0520,0.3241,-0.981427,-0.003377,-0.004003,0.191764,
0.0178,-0.0520,0.3287,-0.981389,-0.003397,-0.004002,0.191958,
0.0178,-0.0520,0.3333,-0.981377,-0.003404,-0.004002,0.192019,
0.0178,-0.0520,0.3367,-0.981336,-0.003417,-0.003995,0.192227,
0.0178,-0.0520,0.3403,-0.981317,-0.003429,-0.003992,0.192327,
0.0178,-0.0520,0.3438,-0.981285,-0.003455,-0.003991,0.192487,
0.0178,-0.0520,0.3478,-0.981253,-0.003454,-0.003973,0.192653,
0.0178,-0.0520,0.3512,-0.981234,-0.003471,-0.003983,0.192750,
0.0178,-0.0520,0.3537,-0.981201,-0.003488,-0.003991,0.192916,
0.0178,-0.0520,0.3566,-0.981176,-0.003493,-0.003979,0.193045,
0.0178,-0.0520,0.3604,-0.981151,-0.003512,-0.003958,0.193172,
0.0178,-0.0520,0.3625,-0.981114,-0.003528,-0.003954,0.193359,
0.0178,-0.0520,0.3663,-0.981093,-0.003546,-0.003958,0.193466,
0.0178,-0.0520,0.3700,-0.981062,-0.003546,-0.003956,0.193622,
0.0178,-0.0520,0.3728,-0.981034,-0.003556,-0.003971,0.193763,
0.0178,-0.0520,0.3768,-0.981006,-0.003571,-0.003958,0.193902,
0.0178,-0.0520,0.3793,-0.980976,-0.003585,-0.003958,0.194055,
0.0178,-0.0520,0.3804,-0.980954,-0.003599,-0.003958,0.194164,
0.0178,-0.0520,0.3825,-0.980921,-0.003609,-0.003947,0.194334,
0.0178,-0.0520,0.3858,-0.980893,-0.003620,-0.003937,0.194473,
0.0178,-0.0520,0.3875,-0.980866,-0.003622,-0.003929,0.194610,
0.0178,-0.0520,0.3885,-0.980839,-0.003629,-0.003924,0.194744,
0.0178,-0.0520,0.3904,-0.980811,-0.003639,-0.003917,0.194890,
0.0178,-0.0520,0.3938,-0.980787,-0.003647,-0.003908,0.195007,
0.0178,-0.0520,0.3947,-0.980755,-0.003655,-0.003907,0.195171,
0.0178,-0.0520,0.3969,-0.980729,-0.003664,-0.003911,0.195300,
0.0178,-0.0520,0.3992,-0.980696,-0.003670,-0.003908,0.195464,
0.0178,-0.0520,0.4006,-0.980668,-0.003684,-0.003892,0.195605,
0.0178,-0.0520,0.4057,-0.980636,-0.003715,-0.003886,0.195763,
0.0178,-0.0520,0.4063,-0.980608,-0.003721,-0.003890,0.195905,
0.0178,-0.0520,0.4067,-0.980580,-0.003744,-0.003883,0.196046,
0.0178,-0.0520,0.4082,-0.980554,-0.003763,-0.003882,0.196173,
0.0178,-0.0520,0.4086,-0.980524,-0.003767,-0.003883,0.196323,
0.0178,-0.0520,0.4089,-0.980497,-0.003779,-0.003879,0.196461,
0.0178,-0.0520,0.4086,-0.980469,-0.003788,-0.003870,0.196597,
0.0178,-0.0520,0.4107,-0.980443,-0.003805,-0.003871,0.196727,
0.0178,-0.0520,0.4147,-0.980418,-0.003811,-0.003869,0.196854,
0.0178,-0.0520,0.4178,-0.980391,-0.003820,-0.003865,0.196989,
0.0178,-0.0520,0.4182,-0.980358,-0.003832,-0.003868,0.197150,
0.0178,-0.0520,0.4177,-0.980328,-0.003827,-0.003864,0.197299,
0.0178,-0.0520,0.4183,-0.980301,-0.003823,-0.003869,0.197436,
0.0178,-0.0520,0.4188,-0.980272,-0.003834,-0.003874,0.197577,
0.0178,-0.0520,0.4185,-0.980245,-0.003834,-0.003856,0.197713,
0.0178,-0.0520,0.4153,-0.980217,-0.003833,-0.003853,0.197853,
0.0178,-0.0520,0.4116,-0.980189,-0.003838,-0.003845,0.197990,
0.0178,-0.0520,0.4116,-0.980165,-0.003850,-0.003836,0.198107,
0.0178,-0.0520,0.4121,-0.980132,-0.003857,-0.003834,0.198274,
0.0178,-0.0520,0.4122,-0.980105,-0.003871,-0.003832,0.198404,
0.0178,-0.0520,0.4076,-0.980073,-0.003888,-0.003825,0.198565,
0.0178,-0.0520,0.4058,-0.980046,-0.003891,-0.003820,0.198694,
0.0178,-0.0520,0.4042,-0.980016,-0.003895,-0.003809,0.198846,
0.0178,-0.0520,0.4048,-0.979989,-0.003903,-0.003809,0.198977,
0.0178,-0.0520,0.4030,-0.979959,-0.003916,-0.003807,0.199126,
0.0178,-0.0520,0.3998,-0.979934,-0.003928,-0.003813,0.199248,
0.0178,-0.0520,0.4004,-0.979900,-0.003941,-0.003822,0.199415,
0.0178,-0.0520,0.4005,-0.979876,-0.003941,-0.003822,0.199532,
0.0178,-0.0520,0.3958,-0.979845,-0.003947,-0.003828,0.199683,
