time,flight mode,control,x,y,z,yaw,wall_angle
1495082749.791575654,0,1,0,0,0.85,0,-7.52322e-06
1495082749.798347441,0,1,0,0,0.85,0,-7.52322e-06
1495082749.804994314,0,1,0,0,0.85,0,-7.52322e-06
1495082749.811693686,0,1,0,0,0.85,0,-7.52322e-06
1495082749.818338392,0,1,0,0,0.85,0,-7.52322e-06
1495082749.825009139,0,1,0,0,0.85,0,-7.52322e-06
1495082749.831658803,0,1,0,0,0.85,0,-7.52322e-06
1495082749.838332175,0,1,0,0,0.85,0,-7.52322e-06
1495082749.844993006,0,1,0,0,0.85,0,-7.52322e-06
1495082749.851678295,0,1,0,0,0.85,0,-7.52322e-06
1495082749.858348125,0,1,0,0,0.85,0,-7.52322e-06
1495082749.865128413,0,1,0,0,0.85,0,-7.52322e-06
1495082749.871678912,0,1,0,0,0.85,0,-7.52322e-06
1495082749.878348492,0,1,0,0,0.85,0,-7.52322e-06
1495082749.885062114,0,1,0,0,0.85,0,-7.52322e-06
1495082749.891687945,0,1,0,0,0.85,0,-7.52322e-06
1495082749.898371067,0,1,0,0,0.85,0,-7.52322e-06
1495082749.905018690,0,1,0,0,0.85,0,-7.52322e-06
1495082749.911684937,0,1,0,0,0.85,0,-7.52322e-06
1495082749.918345893,0,1,0,0,0.85,0,-7.52322e-06
1495082749.925011807,0,1,0,0,0.85,0,-7.52322e-06
1495082749.931957759,0,1,0,0,0.85,0,-7.52322e-06
1495082749.938458133,0,1,0,0,0.85,0,-7.52322e-06
1495082749.945026923,0,1,0,0,0.85,0,-7.52322e-06
1495082749.951695545,0,1,0,0,0.85,0,-7.52322e-06
1495082749.958358751,0,1,0,0,0.85,0,-7.52322e-06
1495082749.965123789,0,1,0,0,0.85,0,-7.52322e-06
1495082749.971686662,0,1,0,0,0.85,0,-7.52322e-06
1495082749.978356993,0,1,0,0,0.85,0,-7.52322e-06
1495082749.985024282,0,1,0,0,0.85,0,-7.52322e-06
1495082749.991701321,0,1,0,0,0.85,0,-7.52322e-06
1495082749.998362943,0,1,0,0,0.85,0,-7.52322e-06
1495082750.005074356,0,1,0,0,0.85,0,-7.52322e-06
1495082750.011684105,0,1,0,0,0.85,0,-7.52322e-06
1495082750.018351769,0,1,0,0,0.85,0,-7.52322e-06
1495082750.025035183,0,1,0,0,0.85,0,-7.52322e-06
1495082750.031694722,0,1,0,0,0.85,0,-7.52322e-06
1495082750.038380969,0,1,0,0,0.85,0,-7.52322e-06
1495082750.045045300,0,1,0,0,0.85,0,-7.52322e-06
1495082750.051687506,0,1,0,0,0.85,0,0
1495082750.058369295,0,1,0,0,0.85,0,0
1495082750.065032792,0,1,0,0,0.85,0,0
1495082750.071707081,0,1,0,0,0.85,0,0
1495082750.078356287,0,1,0,0,0.85,0,0
1495082750.085022118,0,1,0,0,0.85,0,0
1495082750.091701032,0,1,0,0,0.85,0,0
1495082750.098383154,0,1,0,0,0.85,0,0
1495082750.105017193,0,1,0,0,0.85,0,0
1495082750.111723815,0,1,0,0,0.85,0,0
1495082750.118344730,0,1,0,0,0.85,0,0
1495082759.858383525,1,1,0,0.00836666,0.00322633,0.00189976,0.0189976
1495082760.011684115,1,1,0,0.00855,0.00328255,0.00170983,0.0170983
1495082760.158387041,1,1,0,0.00861111,0.00336743,0.0012666,0.012666
1495082760.318372298,1,1,0,0.00862222,0.00342348,0.00139325,0.0139325
1495082760.465020558,1,1,0,0.00855,0.00343281,0.00170983,0.0170983
1495082760.618379066,1,1,0,0.008525,0.00341496,0.00199474,0.0199474
1495082760.758356161,1,1,0,0.00843334,0.00346746,0.00303905,0.0303905
1495082760.898384296,1,1,0,0.0082,0.00342828,0.00227961,0.0227961
1495082761.051695223,1,1,0,0.00799166,0.00339893,0.00161485,0.0161485
1495082761.191736611,1,1,0,0.007775,0.00338726,0.0014249,0.014249
1495082761.331734333,1,1,0,0.00776945,0.00341868,0.00148821,0.0148821
1495082761.505148463,1,1,0,0.00801666,0.00340887,0.000949983,0.00949983
1495082761.665061849,1,1,0,0.00836666,0.00334259,0.000759974,0.00759974
1495082761.811694487,1,1,0,0.0086,0.00335791,0.00113995,0.0113995
1495082761.951677709,1,1,0,0.00897778,0.00325893,-0.000886636,-0.00886636
1495082762.085020017,1,1,0,0.0091,0.00322695,-0.00227961,-0.0227961
1495082762.238386447,1,1,0,0.00911666,0.00320326,-0.00246949,-0.0246949
1495082762.385041170,1,1,0,0.0091,0.00321337,-0.00227961,-0.0227961
1495082762.533391871,1,1,0,0.00903334,0.0031321,-0.00151989,-0.0151989
1495082762.699987217,1,1,0,0.00873055,0.00309861,-0.000348316,-0.00348316
1495082762.846744189,1,1,0,0.00868055,0.00306671,0.000221682,0.00221682
1495082762.999878705,1,1,0,0.0082,0.00303932,-0.00113995,-0.0113995
1495082763.153225054,1,1,0,0.0079,0.00297073,-0.00113995,-0.0113995
1495082763.313211152,1,1,0,0.00741666,0.00288276,0.000949983,0.00949983
1495082763.466577543,1,1,0,0.00668334,0.00288195,-0.00132991,-0.0132991
1495082763.613217186,1,1,0,0.00583334,0.0028254,-0.00151989,-0.0151989
1495082763.766586285,1,1,0,0.00526666,0.00279088,0.00151989,0.0151989
1495082763.913211677,1,1,0,0.00453334,0.00275458,0.00038001,0.0038001
1495082764.066588110,4,1,0,0,0.00266362,0.157319,0
1495082764.073231443,4,1,0,0,0.00266362,0.157319,0
1495082764.079909442,4,1,0,0,0.00262876,0.157319,0
1495082764.086553816,4,1,0,0,0.00262876,0.157353,0
1495082764.093210607,4,1,0,0,0.00262876,0.157353,0
1495082764.099879356,4,1,0,0,0.00262876,0.157353,0
1495082764.106556897,4,1,0,0,0.00262876,0.157353,0
1495082764.113212146,4,1,0,0,0.00262876,0.157353,0
1495082764.119893436,4,1,0,0,0.00261661,0.157353,0
1495082764.126546769,4,1,0,0,0.00261661,0.157382,0
1495082764.133510764,4,1,0,0,0.00261661,0.157382,0
1495082764.139887600,4,1,0,0,0.00261661,0.157382,0
1495082764.146558057,4,1,0,0,0.00261661,0.157382,0
1495082764.153269306,4,1,0,0,0.00261661,0.157382,0
1495082764.159887389,4,1,0,0,0.00262379,0.157382,0
1495082764.166546013,4,1,0,0,0.00262379,0.157097,0
1495082764.173210887,4,1,0,0,0.00262379,0.157097,0
1495082764.179822511,4,1,0,0,0.00262379,0.157097,0
1495082764.186588884,4,1,0,0,0.00262379,0.157097,0
1495082764.193247092,4,1,0,0,0.00263483,0.157097,0
1495082764.199916049,4,1,0,0,0.00263483,0.156728,0
1495082764.206589839,4,1,0,0,0.00263483,0.156728,0
1495082764.213245339,4,1,0,0,0.00263483,0.156728,0.00696659
1495082764.219875838,4,1,0,0,0.00263483,0.156728,0
1495082764.226562295,4,1,0,0,0.00263483,0.156728,0
1495082764.233217253,4,1,0,0,0.00260938,0.156728,0
1495082764.239885168,4,1,0,0,0.00260938,0.156499,0
1495082764.246543917,4,1,0,0,0.00260938,0.156499,0
1495082764.253217333,4,1,0,0,0.00260938,0.156499,0
1495082764.259876707,4,1,0,0,0.00260938,0.156499,0
1495082764.266548164,4,1,0,0,0.0026167,0.156499,0
1495082764.273206497,4,1,0,0,0.0026167,0.156072,0
1495082764.279879662,4,1,0,0,0.0026167,0.156072,0
1495082764.286550203,4,1,0,0,0.0026167,0.156072,0
1495082764.293204660,4,1,0,0,0.0026167,0.156072,0
1495082764.299876326,4,1,0,0,0.0026167,0.156072,0
1495082764.306544700,4,1,0,0,0.00262665,0.156072,0
1495082764.313214116,4,1,0,0,0.00262665,0.155204,0
1495082764.319885240,4,1,0,0,0.00262665,0.155204,0
1495082764.326558572,4,1,0,0,0.00262665,0.155204,0
1495082764.333216863,4,1,0,0,0.00262665,0.155204,0
1495082764.339884487,4,1,0,0,0.00262665,0.155204,0
1495082764.346551652,4,1,0,0,0.00258746,0.155204,0
1495082764.353224443,4,1,0,0,0.00258746,0.154174,0.00791666
1495082764.359879234,4,1,0,0,0.00258746,0.154174,0
1495082764.366505150,4,1,0,0,0.00258746,0.154174,0
1495082764.373251481,4,1,0,0,0.00258746,0.154174,0
1495082764.379921147,4,1,0,0,0.00260043,0.154174,0
1495082764.386559438,4,1,0,0,0.00260043,0.153158,0
1495082764.393248770,4,1,0,0,0.00260043,0.153158,0
1495082764.399979310,4,1,0,0,0.00260043,0.153158,0
1495082764.406563518,4,1,0,0,0.00260043,0.153158,0
1495082764.413253058,4,1,0,0,0.00260043,0.153158,0
1495082764.419937224,4,1,0,0,0.00254159,0.153158,0
1495082764.426546182,4,1,0,0,0.00254159,0.152395,0
1495082764.433209889,4,1,0,0,0.00254159,0.152395,0
1495082764.439877805,4,1,0,0,0.00254159,0.152395,0
1495082764.446544012,4,1,0,0,0.00254159,0.152395,0
1495082764.453284594,4,1,0,0,0.00248887,0.152395,0
1495082764.459887260,4,1,0,0,0.00248887,0.151298,0
1495082764.466563551,4,1,0,0,0.00248887,0.151298,0
1495082764.473228675,4,1,0,0,0.00248887,0.151298,0
1495082764.479890549,4,1,0,0,0.00248887,0.151298,0
1495082764.486547048,4,1,0,0,0.00248887,0.151298,0
1495082764.493216297,4,1,0,0,0.00242154,0.151298,0
1495082764.499878088,4,1,0,0,0.00242154,0.150273,0
1495082764.506549128,4,1,0,0,0.00242154,0.150273,-0.0202638
1495082764.513208711,4,1,0,0,0.00242154,0.150273,0
1495082764.519888043,4,1,0,0,0.00242154,0.150273,0
1495082764.526556375,4,1,0,0,0.00242154,0.150273,0
1495082764.533391872,4,1,0,0,0.00240614,0.150273,0
1495082764.539888290,4,1,0,0,0.00240614,0.149176,0
1495082764.546555497,4,1,0,0,0.00240614,0.149176,0
1495082764.553213413,4,1,0,0,0.00240614,0.149176,0
1495082764.559871954,4,1,0,0,0.00240614,0.149176,0
1495082764.566574619,4,1,0,0,0.00240614,0.149176,0
1495082764.573211202,4,1,0,0,0.00232164,0.149176,0
1495082764.579908158,4,1,0,0,0.00232164,0.147973,0
1495082764.586550783,4,1,0,0,0.00232164,0.147973,0
1495082764.593215115,4,1,0,0,0.00232164,0.147973,0
1495082764.599880198,4,1,0,0,0.00232164,0.147973,0
1495082764.606550071,4,1,0,0,0.00232164,0.147973,0
1495082764.613212737,4,1,0,0,0.00228391,0.147973,0
1495082764.619881236,4,1,0,0,0.00228391,0.147438,0
1495082764.626546610,4,1,0,0,0.00228391,0.147438,0
1495082764.633220609,4,1,0,0,0.00228391,0.147438,0
1495082764.639871733,4,1,0,0,0.00228391,0.147438,0
1495082764.646574482,4,1,0,0,0.00219603,0.147438,-0.0449365
1495082764.653211315,4,1,0,0,0.00219603,0.146728,0
1495082764.659924646,4,1,0,0,0.00219603,0.146728,0
1495082764.666561396,4,1,0,0,0.00219603,0.146728,0
1495082764.673218020,4,1,0,0,0.00219603,0.146728,0
1495082764.680017850,4,1,0,0,0.00219603,0.146728,0
1495082764.686564726,4,1,0,0,0.00219603,0.146728,0
1495082764.693223392,4,1,0,0,0.00209769,0.146728,0
1495082764.699881057,4,1,0,0,0.00209769,0.14568,0
1495082764.706548640,4,1,0,0,0.00209769,0.14568,0
1495082764.713208014,4,1,0,0,0.00209769,0.14568,0
1495082764.719882221,4,1,0,0,0.00209769,0.14568,0
1495082764.726542054,4,1,0,0,0.00197641,0.14568,0
1495082764.733210303,4,1,0,0,0.00197641,0.144917,0
1495082764.739878843,4,1,0,0,0.00197641,0.144917,0
1495082764.746565217,4,1,0,0,0.00197641,0.144917,0
1495082764.753209841,4,1,0,0,0.00197641,0.144917,0
1495082764.759889090,4,1,0,0,0.00197641,0.144917,0
1495082764.766547214,4,1,0,0,0.00192058,0.144917,0
1495082764.773213463,4,1,0,0,0.00192058,0.144168,0
1495082764.779890254,4,1,0,0,0.00192058,0.144168,0
1495082764.786545336,4,1,0,0,0.00192058,0.144168,0
1495082764.793232502,4,1,0,0,0.00192058,0.144168,-0.0727049
1495082764.800026624,4,1,0,0,0.00192058,0.144168,0
1495082764.806614791,4,1,0,0,0.00189407,0.144168,0
1495082764.813292706,4,1,0,0,0.00189407,0.14302,0
1495082764.819886873,4,1,0,0,0.00189407,0.14302,0
1495082764.826543580,4,1,0,0,0.00189407,0.14302,0
1495082764.833222121,4,1,0,0,0.00189407,0.14302,0
1495082764.839872912,4,1,0,0,0.00189407,0.14302,0
1495082764.846551077,4,1,0,0,0.00183257,0.14302,0
1495082764.853216159,4,1,0,0,0.00183257,0.141916,0
1495082764.859875408,4,1,0,0,0.00183257,0.141916,0
1495082764.866541324,4,1,0,0,0.00183257,0.141916,0
1495082764.873208282,4,1,0,0,0.00183257,0.141916,0
1495082764.880163819,4,1,0,0,0.00183257,0.141916,0
1495082764.886550154,4,1,0,0,0.00171289,0.141916,0
1495082764.893222820,4,1,0,0,0.00171289,0.140627,0
1495082764.899879236,4,1,0,0,0.00171289,0.140627,0
1495082764.906541943,4,1,0,0,0.00171289,0.140627,0
1495082764.913206401,4,1,0,0,0.00171289,0.140627,0
1495082764.919874649,4,1,0,0,0.00171289,0.140627,0
1495082764.926568606,4,1,0,0,0.00161215,0.140627,0
1495082764.933240439,4,1,0,0,0.00161215,0.139448,-0.0849783
1495082764.939903063,4,1,0,0,0.00161215,0.139448,0
1495082764.946573937,4,1,0,0,0.00161215,0.139448,0
1495082764.953239936,4,1,0,0,0.00161215,0.139448,0
1495082764.959901226,4,1,0,0,0.00161215,0.139448,0
1495082764.966586350,4,1,0,0,0.00154845,0.139448,0
1495082764.973218100,4,1,0,0,0.00154845,0.137972,0
1495082764.979881140,4,1,0,0,0.00154845,0.137972,0
1495082764.986557973,4,1,0,0,0.00154845,0.137972,0
1495082764.993202139,4,1,0,0,0.00154845,0.137972,0
1495082764.999878304,4,1,0,0,0.00154845,0.137972,0
1495082765.006574011,4,1,0,0,0.00146685,0.137972,0
1495082765.013205719,4,1,0,0,0.00146685,0.136741,0
1495082765.019876551,4,1,0,0,0.00146685,0.136741,0
1495082765.026553092,4,1,0,0,0.00146685,0.136741,0
1495082765.033213466,4,1,0,0,0.00146685,0.136741,0
1495082765.039878090,4,1,0,0,0.00146685,0.136741,0
1495082765.046564464,4,1,0,0,0.0013767,0.136741,0
1495082765.053181964,4,1,0,0,0.0013767,0.135396,0
1495082765.060049586,4,1,0,0,0.0013767,0.135396,0
1495082765.066576878,4,1,0,0,0.0013767,0.135396,-0.0975396
1495082765.073233169,4,1,0,0,0.0013767,0.135396,0
1495082765.079902876,4,1,0,0,0.0013767,0.135396,0
1495082765.086549917,4,1,0,0,0.0012953,0.135396,0
1495082765.093211542,4,1,0,0,0.0012953,0.133693,0
1495082765.099888832,4,1,0,0,0.0012953,0.133693,0
1495082765.106561081,4,1,0,0,0.0012953,0.133693,0
1495082765.113209539,4,1,0,0,0.0012953,0.133693,0
1495082765.119910329,4,1,0,0,0.0012953,0.133693,0
1495082765.126545412,4,1,0,0,0.0012953,0.133693,0
1495082765.133212328,4,1,0,0,0.00119576,0.133693,0
1495082765.139888827,4,1,0,0,0.00119576,0.131822,0
1495082765.146557326,4,1,0,0,0.00119576,0.131822,0
1495082765.153206867,4,1,0,0,0.00119576,0.131822,0
1495082765.159870199,4,1,0,0,0.00119576,0.131822,0
1495082765.166557198,4,1,0,0,0.00114252,0.131822,0
1495082765.173219739,4,1,0,0,0.00114252,0.130563,0
1495082765.179909905,4,1,0,0,0.00114252,0.130563,0
1495082765.186628111,4,1,0,0,0.00114252,0.130563,0
1495082765.193243528,4,1,0,0,0.00114252,0.130563,0
1495082765.199930193,4,1,0,0,0.00114252,0.130563,0
1495082765.206580401,4,1,0,0,0.00114252,0.130563,-0.143098
1495082765.213240442,4,1,0,0,0.00104784,0.130563,0
1495082765.219923732,4,1,0,0,0.00104784,0.129086,0
1495082765.226590648,4,1,0,0,0.00104784,0.129086,0
1495082765.233248856,4,1,0,0,0.00104784,0.129086,0
1495082765.239873105,4,1,0,0,0.00104784,0.129086,0
1495082765.246540479,4,1,0,0,0.00096664,0.129086,0
1495082765.253215687,4,1,0,0,0.00096664,0.127665,0
1495082765.259882061,4,1,0,0,0.00096664,0.127665,0
1495082765.266563727,4,1,0,0,0.00096664,0.127665,0
1495082765.273204268,4,1,0,0,0.00096664,0.127665,0
1495082765.279875892,4,1,0,0,0.00096664,0.127665,0
1495082765.286546057,4,1,0,0,0.000916066,0.127665,0
1495082765.293202598,4,1,0,0,0.000916066,0.126256,0
1495082765.299887681,4,1,0,0,0.000916066,0.126256,0
1495082765.306540596,4,1,0,0,0.000916066,0.126256,0
1495082765.313218512,4,1,0,0,0.000916066,0.126256,0
1495082765.319884886,4,1,0,0,0.000916066,0.126256,0
1495082765.326549469,4,1,0,0,0.000795963,0.126256,0
1495082765.333242467,4,1,0,0,0.000795963,0.125182,0
1495082765.339912133,4,1,0,0,0.000795963,0.125182,0
1495082765.346592424,4,1,0,0,0.000795963,0.125182,0
1495082765.353241173,4,1,0,0,0.000795963,0.125182,0
1495082765.359902297,4,1,0,0,0.000795963,0.125182,-0.200871
1495082765.366569963,4,1,0,0,0.00071648,0.125182,0
1495082765.373244337,4,1,0,0,0.00071648,0.124024,0
1495082765.382213974,4,1,0,0,0.00071648,0.124024,0
1495082765.386592543,4,1,0,0,0.00071648,0.124024,0
1495082765.393280876,4,1,0,0,0.00071648,0.124024,0
1495082765.399885501,4,1,0,0,0.00071648,0.124024,0
1495082765.406570749,4,1,0,0,0.00071648,0.124024,0
1495082765.413284040,4,1,0,0,0.000604544,0.124024,0
1495082765.419906956,4,1,0,0,0.000604544,0.122878,0
1495082765.426571497,4,1,0,0,0.000604544,0.122878,0
1495082765.433217788,4,1,0,0,0.000604544,0.122878,0
1495082765.439873412,4,1,0,0,0.000604544,0.122878,0
1495082765.446556411,4,1,0,0,0.000578364,0.122878,0
1495082765.453202077,4,1,0,0,0.000578364,0.122113,0
1495082765.459878159,4,1,0,0,0.000578364,0.122113,0
1495082765.466540367,4,1,0,0,0.000578364,0.122113,0
1495082765.473234824,4,1,0,0,0.000578364,0.122113,0
1495082765.479890698,4,1,0,0,0.000578364,0.122113,0
1495082765.486543156,4,1,0,0,0.000546236,0.122113,0
1495082765.493213446,4,1,0,0,0.000546236,0.121103,0
1495082765.499865029,4,1,0,0,0.000546236,0.121103,0
1495082765.506539611,4,1,0,0,0.000546236,0.121103,0
1495082765.513202319,4,1,0,0,0.000546236,0.121103,-0.278225
1495082765.519897318,4,1,0,0,0.000489775,0.121103,0
1495082765.526537317,4,1,0,0,0.000489775,0.120255,0
1495082765.533246024,4,1,0,0,0.000489775,0.120255,0
1495082765.539897148,4,1,0,0,0.000489775,0.120255,0
1495082765.546550023,4,1,0,0,0.000489775,0.120255,0
1495082765.553218063,4,1,0,0,0.000489775,0.120255,0
1495082765.559888521,4,1,0,0,0.000456838,0.120255,0
1495082765.566561436,4,1,0,0,0.000456838,0.119185,0
1495082765.573223227,4,1,0,0,0.000456838,0.119185,0
1495082765.579872643,4,1,0,0,0.000456838,0.119185,0
1495082765.586571142,4,1,0,0,0.000456838,0.119185,0
1495082765.593210475,4,1,0,0,0.000456838,0.119185,0
1495082765.599880807,4,1,0,0,0.000423195,0.119185,0
1495082765.606543681,4,1,0,0,0.000423195,0.117927,0
1495082765.613209055,4,1,0,0,0.000423195,0.117927,0
1495082765.619899721,4,1,0,0,0.000423195,0.117927,0
1495082765.626583970,4,1,0,0,0.000423195,0.117927,0
1495082765.633268469,4,1,0,0,0.000423195,0.117927,-0.353148
1495082765.639873594,4,1,0,0,0.000421283,0.117927,0
1495082765.646545051,4,1,0,0,0.000421283,0.11675,0
1495082765.653224008,4,1,0,0,0.000421283,0.11675,0
1495082765.662484141,4,1,0,0,0.000421283,0.11675,0
1495082765.666654297,4,1,0,0,0.000421283,0.11675,0
1495082765.673211297,4,1,0,0,0.000421283,0.11675,0
1495082765.679874297,4,1,0,0,0.000378908,0.11675,0
1495082765.686574379,4,1,0,0,0.000378908,0.115322,0
1495082765.693244003,4,1,0,0,0.000378908,0.115322,0
1495082765.699898877,4,1,0,0,0.000378908,0.115322,0
1495082765.706549293,4,1,0,0,0.000378908,0.115322,0
1495082765.713246958,4,1,0,0,0.000354238,0.115322,0
1495082765.719875625,4,1,0,0,0.000354238,0.114093,0
1495082765.726544582,4,1,0,0,0.000354238,0.114093,0
1495082765.733229831,4,1,0,0,0.000354238,0.114093,0
1495082765.739871539,4,1,0,0,0.000354238,0.114093,0
1495082765.746538621,4,1,0,0,0.000354238,0.114093,0
1495082765.753250703,4,1,0,0,0.000350205,0.114093,-0.393768
1495082765.760055867,4,1,0,0,0.000350205,0.1129,0
1495082765.766579284,4,1,0,0,0.000350205,0.1129,0
1495082765.773235325,4,1,0,0,0.000350205,0.1129,0
1495082765.779896158,4,1,0,0,0.000350205,0.1129,0
1495082765.786554407,4,1,0,0,0.000350205,0.1129,0
1495082765.793475153,4,1,0,0,0.00030752,0.1129,0
1495082765.799914613,4,1,0,0,0.00030752,0.111725,0
1495082765.806541946,4,1,0,0,0.00030752,0.111725,0
1495082765.813204737,4,1,0,0,0.00030752,0.111725,0
1495082765.819879861,4,1,0,0,0.00030752,0.111725,0
1495082765.826545277,4,1,0,0,0.000282347,0.111725,0
1495082765.833211651,4,1,0,0,0.000282347,0.110319,0
1495082765.839878150,4,1,0,0,0.000282347,0.110319,0
1495082765.846544983,4,1,0,0,0.000282347,0.110319,0
1495082765.853215982,4,1,0,0,0.000282347,0.110319,0
1495082765.859874856,4,1,0,0,0.000282347,0.110319,0
1495082765.866563021,4,1,0,0,0.000278146,0.110319,0
1495082765.873225687,4,1,0,0,0.000278146,0.108998,-0.411991
1495082765.879896978,4,1,0,0,0.000278146,0.108998,0
1495082765.890056225,4,1,0,0,0.000278146,0.108998,0
1495082765.893547639,4,1,0,0,0.000278146,0.108998,0
1495082765.899882975,4,1,0,0,0.000278146,0.108998,0
1495082765.906550683,4,1,0,0,0.000221805,0.108998,0
1495082765.913207765,4,1,0,0,0.000221805,0.10761,0
1495082765.919895473,4,1,0,0,0.000221805,0.10761,0
1495082765.926543847,4,1,0,0,0.000221805,0.10761,0
1495082765.933214721,4,1,0,0,0.000221805,0.10761,0
1495082765.939873512,4,1,0,0,0.000221805,0.10761,0
1495082765.946550677,4,1,0,0,0.000108525,0.10761,0
1495082765.953208635,4,1,0,0,0.000108525,0.106402,0
1495082765.959877884,4,1,0,0,0.000108525,0.106402,0
1495082765.966552758,4,1,0,0,0.000108525,0.106402,0
1495082765.973218049,4,1,0,0,0.000108525,0.106402,0
1495082765.979878798,4,1,0,0,0.000108525,0.106402,0
1495082765.986554755,4,1,0,0,6.69286e-05,0.106402,0
1495082765.993210130,4,1,0,0,6.69286e-05,0.105622,-0.409062
1495082765.999876045,4,1,0,0,6.69286e-05,0.105622,0
1495082766.006565378,4,1,0,0,6.69286e-05,0.105622,0
1495082766.015728054,4,1,0,0,6.69286e-05,0.105622,0
1495082766.019891460,4,1,0,0,-1.15919e-06,0.105622,0
1495082766.026545417,4,1,0,0,-1.15919e-06,0.10514,0
1495082766.033219625,4,1,0,0,-1.15919e-06,0.10514,0
1495082766.039903582,4,1,0,0,-1.15919e-06,0.10514,0
1495082766.046535707,4,1,0,0,-1.15919e-06,0.10514,0
1495082766.053200373,4,1,0,0,-1.15919e-06,0.10514,0
1495082766.059944079,4,1,0,0,-5.18521e-05,0.10514,0
1495082766.066537663,4,1,0,0,-5.18521e-05,0.10444,0
1495082766.073211828,4,1,0,0,-5.18521e-05,0.10444,0
1495082766.079871161,4,1,0,0,-5.18521e-05,0.10444,0
1495082766.086558327,4,1,0,0,-5.18521e-05,0.10444,0
1495082766.093195201,4,1,0,0,-9.28585e-05,0.10444,0
1495082766.099873825,4,1,0,0,-9.28585e-05,0.103919,0
1495082766.106548824,4,1,0,0,-9.28585e-05,0.103919,0
1495082766.113218824,4,1,0,0,-9.28585e-05,0.103919,-0.449374
1495082766.119868531,4,1,0,0,-9.28585e-05,0.103919,0
1495082766.126559114,4,1,0,0,-0.00013039,0.103919,0
1495082766.133222321,4,1,0,0,-0.00013039,0.103231,0
1495082766.139885571,4,1,0,0,-0.00013039,0.103231,0
1495082766.146550153,4,1,0,0,-0.00013039,0.103231,0
1495082766.153211986,4,1,0,0,-0.00013039,0.103231,0
1495082766.159882277,4,1,0,0,-0.00013039,0.103231,0
1495082766.166542276,4,1,0,0,-0.00016417,0.103231,0
1495082766.173213900,4,1,0,0,-0.00016417,0.102655,0
1495082766.179880899,4,1,0,0,-0.00016417,0.102655,0
1495082766.186554898,4,1,0,0,-0.00016417,0.102655,0
1495082766.193203606,4,1,0,0,-0.00016417,0.102655,0
1495082766.199882605,4,1,0,0,-0.000206758,0.102655,0
1495082766.206551479,4,1,0,0,-0.000206758,0.102243,0
1495082766.213234270,4,1,0,0,-0.000206758,0.102243,0
1495082766.219875853,4,1,0,0,-0.000206758,0.102243,0
1495082766.226538852,4,1,0,0,-0.000206758,0.102243,0
1495082766.233206726,4,1,0,0,-0.000181595,0.102243,-0.460362
1495082766.239901267,4,1,0,0,-0.000181595,0.101628,0
1495082766.246645849,4,1,0,0,-0.000181595,0.101628,0
1495082766.253351847,4,1,0,0,-0.000181595,0.101628,0
1495082766.259912514,4,1,0,0,-0.000181595,0.101628,0
1495082766.266546014,4,1,0,0,-0.000181595,0.101628,0
1495082766.273211722,4,1,0,0,-0.000216905,0.101628,0
1495082766.279877846,4,1,0,0,-0.000216905,0.101075,0
1495082766.286571595,4,1,0,0,-0.000216905,0.101075,0
1495082766.293211969,4,1,0,0,-0.000216905,0.101075,0
1495082766.299873552,4,1,0,0,-0.000216905,0.101075,0
1495082766.306541843,4,1,0,0,-0.000216905,0.101075,0
1495082766.313221009,4,1,0,0,-0.000276847,0.101075,0
1495082766.319879800,4,1,0,0,-0.000276847,0.100726,0
1495082766.326544757,4,1,0,0,-0.000276847,0.100726,0
1495082766.333231923,4,1,0,0,-0.000276847,0.100726,0
1495082766.339880172,4,1,0,0,-0.000276847,0.100726,0
1495082766.346594587,4,1,0,0,-0.000276847,0.100726,0
1495082766.353245920,4,1,0,0,-0.000224601,0.100726,0
1495082766.359871503,4,1,0,0,-0.000224601,0.10023,-0.466696
1495082766.366530794,4,1,0,0,-0.000224601,0.10023,0
1495082766.373208002,4,1,0,0,-0.000224601,0.10023,0
1495082766.379889626,4,1,0,0,-0.000224601,0.10023,0
1495082766.386557958,4,1,0,0,-0.00025931,0.10023,0
1495082766.393221458,4,1,0,0,-0.00025931,0.0995421,0
1495082766.399880998,4,1,0,0,-0.00025931,0.0995421,0
1495082766.406553206,4,1,0,0,-0.00025931,0.0995421,0
1495082766.413214330,4,1,0,0,-0.00025931,0.0995421,0
1495082766.419876746,4,1,0,0,-0.00025931,0.0995421,0
1495082766.426559745,4,1,0,0,-0.0002911,0.0995421,0
1495082766.433262786,4,1,0,0,-0.0002911,0.0986865,0
1495082766.439877369,4,1,0,0,-0.0002911,0.0986865,0
1495082766.446544868,4,1,0,0,-0.0002911,0.0986865,0
1495082766.453205909,4,1,0,0,-0.0002911,0.0986865,0
1495082766.459875908,4,1,0,0,-0.0002911,0.0986865,0
1495082766.466547657,4,1,0,0,-0.000293504,0.0986865,0
1495082766.473213032,4,1,0,0,-0.000293504,0.0975637,-0.493842
1495082766.479900114,4,1,0,0,-0.000293504,0.0975637,0
1495082766.486558280,4,1,0,0,-0.000293504,0.0975637,0
1495082766.493201779,4,1,0,0,-0.000293504,0.0975637,0
1495082766.499916153,4,1,0,0,-0.000293504,0.0975637,0
1495082766.506567402,4,1,0,0,-0.000321835,0.0975637,0
1495082766.513207569,4,1,0,0,-0.000321835,0.0968417,0
1495082766.519903192,4,1,0,0,-0.000321835,0.0968417,0
1495082766.526573983,4,1,0,0,-0.000321835,0.0968417,0
1495082766.533208525,4,1,0,0,-0.000321835,0.0968417,0
1495082766.539883482,4,1,0,0,-0.000321835,0.0968417,0
1495082766.546565898,4,1,0,0,-0.000341811,0.0968417,0
1495082766.553237605,4,1,0,0,-0.000341811,0.095953,0
1495082766.559875646,4,1,0,0,-0.000341811,0.095953,0
1495082766.566540146,4,1,0,0,-0.000341811,0.095953,0
1495082766.573225770,4,1,0,0,-0.000341811,0.095953,0
1495082766.579871603,4,1,0,0,-0.000341811,0.095953,0
1495082766.586539018,4,1,0,0,-0.000384453,0.095953,0
1495082766.593208976,4,1,0,0,-0.000384453,0.0949774,0
1495082766.599868350,4,1,0,0,-0.000384453,0.0949774,-0.545356
1495082766.606555724,4,1,0,0,-0.000384453,0.0949774,0
1495082766.613210057,4,1,0,0,-0.000384453,0.0949774,0
1495082766.619839765,4,1,0,0,-0.000384453,0.0949774,0
1495082766.626545222,4,1,0,0,-0.000362284,0.0949774,0
1495082766.633338428,4,1,0,0,-0.000362284,0.0941873,0
1495082766.639928261,4,1,0,0,-0.000362284,0.0941873,0
1495082766.646649968,4,1,0,0,-0.000362284,0.0941873,0
1495082766.653356550,4,1,0,0,-0.000362284,0.0941873,0
1495082766.659869760,4,1,0,0,-0.000362284,0.0941873,0
1495082766.666555634,4,1,0,0,-0.000313787,0.0941873,0
1495082766.673228675,4,1,0,0,-0.000313787,0.0929382,0
1495082766.679875132,4,1,0,0,-0.000313787,0.0929382,0
1495082766.686540757,4,1,0,0,-0.000313787,0.0929382,0
1495082766.693231756,4,1,0,0,-0.000313787,0.0929382,0
1495082766.699876088,4,1,0,0,-0.000324707,0.0929382,0
1495082766.706550838,4,1,0,0,-0.000324707,0.0920378,0
1495082766.713207754,4,1,0,0,-0.000324707,0.0920378,0
1495082766.719871628,4,1,0,0,-0.000324707,0.0920378,-0.587287
1495082766.726542127,4,1,0,0,-0.000324707,0.0920378,0
1495082766.733321666,4,1,0,0,-0.000329901,0.0920378,0
1495082766.739899625,4,1,0,0,-0.000329901,0.090741,0
1495082766.757749858,4,1,0,0,-0.000329901,0.090741,0
1495082766.758267560,4,1,0,0,-0.000329901,0.090741,0
1495082766.759865873,4,1,0,0,-0.000329901,0.090741,0
1495082766.766544747,4,1,0,0,-0.000329901,0.090741,0
1495082766.773216621,4,1,0,0,-0.000329638,0.090741,0
1495082766.779866037,4,1,0,0,-0.000329638,0.0896929,0
1495082766.786549953,4,1,0,0,-0.000329638,0.0896929,0
1495082766.793211119,4,1,0,0,-0.000329638,0.0896929,0
1495082766.799836577,4,1,0,0,-0.000329638,0.0896929,0
1495082766.806545743,4,1,0,0,-0.000338834,0.0896929,0
1495082766.813218700,4,1,0,0,-0.000338834,0.0883532,0
1495082766.819912782,4,1,0,0,-0.000338834,0.0883532,0
1495082766.826562782,4,1,0,0,-0.000338834,0.0883532,0
1495082766.833220781,4,1,0,0,-0.000338834,0.0883532,0
1495082766.839886947,4,1,0,0,-0.000338834,0.0883532,0
1495082766.846544155,4,1,0,0,-0.000334716,0.0883532,-0.637512
1495082766.853234528,4,1,0,0,-0.000334716,0.0871468,0
1495082766.859897694,4,1,0,0,-0.000334716,0.0871468,0
1495082766.866552860,4,1,0,0,-0.000334716,0.0871468,0
1495082766.873208693,4,1,0,0,-0.000334716,0.0871468,0
1495082766.879879276,4,1,0,0,-0.000334716,0.0871468,0
1495082766.886544525,4,1,0,0,-0.000294353,0.0871468,0
1495082766.893207107,4,1,0,0,-0.000294353,0.0859658,0
1495082766.899881732,4,1,0,0,-0.000294353,0.0859658,0
1495082766.906538814,4,1,0,0,-0.000294353,0.0859658,0
1495082766.913217730,4,1,0,0,-0.000294353,0.0859658,0
1495082766.919908729,4,1,0,0,-0.000300938,0.0859658,0
1495082766.926589395,4,1,0,0,-0.000300938,0.0849547,0
1495082766.933222478,4,1,0,0,-0.000300938,0.0849547,0
1495082766.939900352,4,1,0,0,-0.000300938,0.0849547,0
1495082766.946581226,4,1,0,0,-0.000300938,0.0849547,0
1495082766.953228100,4,1,0,0,-0.000300938,0.0849547,0
1495082766.959905558,4,1,0,0,-0.000283322,0.0849547,0
1495082766.966561432,4,1,0,0,-0.000283322,0.0837524,0
1495082766.973230931,4,1,0,0,-0.000283322,0.0837524,-0.687296
1495082766.979897805,4,1,0,0,-0.000283322,0.0837524,0
1495082766.986577096,4,1,0,0,-0.000283322,0.0837524,0
1495082766.993252262,4,1,0,0,-0.000309379,0.0837524,0
1495082766.999903845,4,1,0,0,-0.000309379,0.0820814,0
1495082767.006586760,4,1,0,0,-0.000309379,0.0820814,0
1495082767.013234218,4,1,0,0,-0.000309379,0.0820814,0
1495082767.019883051,4,1,0,0,-0.000309379,0.0820814,0
1495082767.026540217,4,1,0,0,-0.000309379,0.0820814,0
1495082767.033217383,4,1,0,0,-0.000309379,0.0820814,0
1495082767.039879841,4,1,0,0,-0.000284486,0.0820814,0
1495082767.046551215,4,1,0,0,-0.000284486,0.0804173,0
1495082767.053206965,4,1,0,0,-0.000284486,0.0804173,0
1495082767.059882172,4,1,0,0,-0.000284486,0.0804173,0
1495082767.066538797,4,1,0,0,-0.000284486,0.0804173,0
1495082767.073222296,4,1,0,0,-0.000292342,0.0804173,0
1495082767.079871087,4,1,0,0,-0.000292342,0.079234,0
1495082767.086551586,4,1,0,0,-0.000292342,0.079234,0
1495082767.093266751,4,1,0,0,-0.000292342,0.079234,0
1495082767.099891460,4,1,0,0,-0.000292342,0.079234,0
1495082767.106553792,4,1,0,0,-0.000292342,0.079234,-0.801153
1495082767.113211625,4,1,0,0,-0.000315882,0.079234,0
1495082767.119886999,4,1,0,0,-0.000315882,0.0775696,0
1495082767.126571332,4,1,0,0,-0.000315882,0.0775696,0
1495082767.133210373,4,1,0,0,-0.000315882,0.0775696,0
1495082767.139880206,4,1,0,0,-0.000315882,0.0775696,0
1495082767.146545205,4,1,0,0,-0.000315882,0.0775696,0
1495082767.153221413,4,1,0,0,-0.000287862,0.0775696,0
1495082767.159876162,4,1,0,0,-0.000287862,0.0758321,0
1495082767.166546411,4,1,0,0,-0.000287862,0.0758321,0
1495082767.173210536,4,1,0,0,-0.000287862,0.0758321,0
1495082767.179893910,4,1,0,0,-0.000287862,0.0758321,0
1495082767.186541284,4,1,0,0,-0.000287862,0.0758321,0
1495082767.193220700,4,1,0,0,-0.000287862,0.0758321,0
1495082767.199875200,4,1,0,0,-0.000295546,0.0758321,0
1495082767.206551491,4,1,0,0,-0.000295546,0.0738321,0
1495082767.213208365,4,1,0,0,-0.000295546,0.0738321,0
1495082767.219865698,4,1,0,0,-0.000295546,0.0738321,-0.881669
1495082767.226578405,4,1,0,0,-0.000295546,0.0738321,0
1495082767.233324278,4,1,0,0,-0.00027904,0.0738321,0
1495082767.239914529,4,1,0,0,-0.00027904,0.0728739,0
1495082767.246590819,4,1,0,0,-0.00027904,0.0728739,0
1495082767.253239277,4,1,0,0,-0.00027904,0.0728739,0
1495082767.260025734,4,1,0,0,-0.00027904,0.0728739,0
1495082767.266552276,4,1,0,0,-0.00027904,0.0728739,0
1495082767.273221817,4,1,0,0,-0.000276812,0.0728739,0
1495082767.279884483,4,1,0,0,-0.000276812,0.071835,0
1495082767.286567232,4,1,0,0,-0.000276812,0.071835,0
1495082767.293237815,4,1,0,0,-0.000276812,0.071835,0
1495082767.299889356,4,1,0,0,-0.000276812,0.071835,0
1495082767.306544231,4,1,0,0,-0.000200147,0.071835,0
1495082767.313215688,4,1,0,0,-0.000200147,0.0704442,0
1495082767.319884854,4,1,0,0,-0.000200147,0.0704442,0
1495082767.326537687,4,1,0,0,-0.000200147,0.0704442,0
1495082767.333204228,4,1,0,0,-0.000200147,0.0704442,0
1495082767.339872186,4,1,0,0,-0.000200147,0.0704442,0
1495082767.346543310,4,1,0,0,-0.000212022,0.0704442,0
1495082767.353242892,4,1,0,0,-0.000212022,0.0692832,0
1495082767.359999099,4,1,0,0,-0.000212022,0.0692832,0
1495082767.366565016,4,1,0,0,-0.000212022,0.0692832,-0.954054
1495082767.373283181,4,1,0,0,-0.000212022,0.0692832,0
1495082767.379903306,4,1,0,0,-0.000247191,0.0692832,0
1495082767.386596972,4,1,0,0,-0.000247191,0.0684457,0
1495082767.393477302,4,1,0,0,-0.000247191,0.0684457,0
1495082767.399889471,4,1,0,0,-0.000247191,0.0684457,0
1495082767.406553929,4,1,0,0,-0.000247191,0.0684457,0
1495082767.413211803,4,1,0,0,-0.000247191,0.0684457,0
1495082767.419876011,4,1,0,0,-0.000261955,0.0684457,0
1495082767.426548885,4,1,0,0,-0.000261955,0.0673311,0
1495082767.433213468,4,1,0,0,-0.000261955,0.0673311,0
1495082767.439882592,4,1,0,0,-0.000261955,0.0673311,0
1495082767.446536717,4,1,0,0,-0.000261955,0.0673311,0
1495082767.453208841,4,1,0,0,-0.000283437,0.0673311,0
1495082767.459899215,4,1,0,0,-0.000283437,0.0660906,0
1495082767.466542006,4,1,0,0,-0.000283437,0.0660906,0
1495082767.473211672,4,1,0,0,-0.000283437,0.0660906,0
1495082767.480105419,4,1,0,0,-0.000283437,0.0660906,0
1495082767.486580920,4,1,0,0,-0.000283437,0.0660906,-1.02247
1495082767.493237878,4,1,0,0,-0.00024731,0.0660906,0
1495082767.499919252,4,1,0,0,-0.00024731,0.0649851,0
1495082767.506566919,4,1,0,0,-0.00024731,0.0649851,0
1495082767.513217543,4,1,0,0,-0.00024731,0.0649851,0
1495082767.519894001,4,1,0,0,-0.00024731,0.0649851,0
1495082767.526609999,4,1,0,0,-0.00024731,0.0649851,0
1495082767.533219583,4,1,0,0,-0.000260934,0.0649851,0
1495082767.539874249,4,1,0,0,-0.000260934,0.0638541,0
1495082767.546537665,4,1,0,0,-0.000260934,0.0638541,0
1495082767.553227122,4,1,0,0,-0.000260934,0.0638541,0
1495082767.559880997,4,1,0,0,-0.000260934,0.0638541,0
1495082767.566556538,4,1,0,0,-0.000260934,0.0638541,0
1495082767.573206412,4,1,0,0,-0.000264638,0.0638541,0
1495082767.579874787,4,1,0,0,-0.000264638,0.0629514,0
1495082767.586557536,4,1,0,0,-0.000264638,0.0629514,0
1495082767.593203035,4,1,0,0,-0.000264638,0.0629514,0
1495082767.599934242,4,1,0,0,-0.000264638,0.0629514,0
1495082767.606587242,4,1,0,0,-0.000264638,0.0629514,-1.08279
1495082767.613242449,4,1,0,0,-0.000273797,0.0629514,0
1495082767.619904990,4,1,0,0,-0.000273797,0.0621279,0
1495082767.626519032,4,1,0,0,-0.000273797,0.0621279,0
1495082767.633215989,4,1,0,0,-0.000273797,0.0621279,0
1495082767.639884114,4,1,0,0,-0.000273797,0.0621279,0
1495082767.646566196,4,1,0,0,-0.000269969,0.0621279,0
1495082767.653217654,4,1,0,0,-0.000269969,0.0613073,0
1495082767.659884820,4,1,0,0,-0.000269969,0.0613073,0
1495082767.666547028,4,1,0,0,-0.000269969,0.0613073,0
1495082767.673203236,4,1,0,0,-0.000269969,0.0613073,0
1495082767.679899443,4,1,0,0,-0.000269969,0.0613073,0
1495082767.686537193,4,1,0,0,-0.000268179,0.0613073,0
1495082767.693207567,4,1,0,0,-0.000268179,0.060812,0
1495082767.699876399,4,1,0,0,-0.000268179,0.060812,0
1495082767.706537649,4,1,0,0,-0.000268179,0.060812,0
1495082767.713322605,4,1,0,0,-0.000268179,0.060812,0
1495082767.720261226,4,1,0,0,-0.000276201,0.060812,0
1495082767.726598229,4,1,0,0,-0.000276201,0.0601744,-1.12452
1495082767.733256937,4,1,0,0,-0.000276201,0.0601744,0
1495082767.739930686,4,1,0,0,-0.000276201,0.0601744,0
1495082767.746609394,4,1,0,0,-0.000276201,0.0601744,0
1495082767.753220394,4,1,0,0,-0.000276201,0.0601744,0
1495082767.760356512,4,1,0,0,-0.000272592,0.0601744,0
1495082767.766543018,4,1,0,0,-0.000272592,0.059723,0
1495082767.773239517,4,1,0,0,-0.000272592,0.059723,0
1495082767.779940724,4,1,0,0,-0.000272592,0.059723,0
1495082767.786538724,4,1,0,0,-0.000272592,0.059723,0
1495082767.793218890,4,1,0,0,-0.00023462,0.059723,0
1495082767.799897847,4,1,0,0,-0.00023462,0.0593024,0
1495082767.806489389,4,1,0,0,-0.00023462,0.0593024,0
1495082767.813208763,4,1,0,0,-0.00023462,0.0593024,0
1495082767.819893679,4,1,0,0,-0.00023462,0.0593024,0
1495082767.826541345,4,1,0,0,-0.000241871,0.0593024,0
1495082767.833238344,4,1,0,0,-0.000241871,0.0589024,0
1495082767.839880469,4,1,0,0,-0.000241871,0.0589024,0
1495082767.846548218,4,1,0,0,-0.000241871,0.0589024,-1.12452
1495082767.853219634,4,1,0,0,-0.000241871,0.0589024,0
1495082767.859904800,4,1,0,0,-0.000241871,0.0589024,0
1495082767.866556841,4,1,0,0,-0.000218177,0.0589024,0
1495082767.873214007,4,1,0,0,-0.000218177,0.0584434,0
1495082767.879883006,4,1,0,0,-0.000218177,0.0584434,0
1495082767.886539881,4,1,0,0,-0.000218177,0.0584434,0
1495082767.893214213,4,1,0,0,-0.000218177,0.0584434,0
1495082767.899885588,4,1,0,0,-0.000171749,0.0584434,0
1495082767.906553795,4,1,0,0,-0.000171749,0.0581602,0
1495082767.913215128,4,1,0,0,-0.000171749,0.0581602,0
1495082767.919877002,4,1,0,0,-0.000171749,0.0581602,0
1495082767.926539668,4,1,0,0,-0.000171749,0.0581602,0
1495082767.933219959,4,1,0,0,-0.000171749,0.0581602,0
1495082767.940008665,4,1,0,0,-0.000176147,0.0581602,0
1495082767.946542250,4,1,0,0,-0.000176147,0.057582,0
1495082767.953236790,4,1,0,0,-0.000176147,0.057582,0
1495082767.959866123,4,1,0,0,-0.000176147,0.057582,0
1495082767.966538914,4,1,0,0,-0.000176147,0.057582,0
1495082767.973211455,4,1,0,0,-0.000176147,0.057582,-1.12452
1495082767.979882121,4,1,0,0,-0.000152599,0.057582,0
1495082767.986557370,4,1,0,0,-0.000152599,0.0566734,0
1495082767.993226120,4,1,0,0,-0.000152599,0.0566734,0
1495082767.999890744,4,1,0,0,-0.000152599,0.0566734,0
1495082768.006553452,4,1,0,0,-0.000152599,0.0566734,0
1495082768.013219326,4,1,0,0,-0.000137967,0.0566734,0
1495082768.019872076,4,1,0,0,-0.000137967,0.0560744,0
1495082768.026554534,4,1,0,0,-0.000137967,0.0560744,0
1495082768.033235366,4,1,0,0,-0.000137967,0.0560744,0
1495082768.039877574,4,1,0,0,-0.000137967,0.0560744,0
1495082768.046553074,4,1,0,0,-6.09342e-05,0.0560744,0
1495082768.053229531,4,1,0,0,-6.09342e-05,0.0556606,0
1495082768.059880989,4,1,0,0,-6.09342e-05,0.0556606,0
1495082768.066543155,4,1,0,0,-6.09342e-05,0.0556606,0
1495082768.073228738,4,1,0,0,-6.09342e-05,0.0556606,0
1495082768.079877446,4,1,0,0,-6.09342e-05,0.0556606,0
1495082768.086581278,4,1,0,0,-5.76279e-05,0.0556606,0
1495082768.093241361,4,1,0,0,-5.76279e-05,0.0549531,-1.12452
1495082768.099914444,4,1,0,0,-5.76279e-05,0.0549531,0
1495082768.106593485,4,1,0,0,-5.76279e-05,0.0549531,0
1495082768.113253276,4,1,0,0,-5.76279e-05,0.0549531,0
1495082768.120000733,4,1,0,0,-5.76279e-05,0.0549531,0
1495082768.126584066,4,1,0,0,-2.24477e-05,0.0549531,0
1495082768.133420397,4,1,0,0,-2.24477e-05,0.0543414,0
1495082768.139892399,4,1,0,0,-2.24477e-05,0.0543414,0
1495082768.146559482,4,1,0,0,-2.24477e-05,0.0543414,0
1495082768.153386854,4,1,0,0,-2.24477e-05,0.0543414,0
1495082768.159886022,4,1,0,0,2.763e-05,0.0543414,0
1495082768.166550938,4,1,0,0,2.763e-05,0.0533469,0
1495082768.173205563,4,1,0,0,2.763e-05,0.0533469,0
1495082768.179887396,4,1,0,0,2.763e-05,0.0533469,0
1495082768.186542354,4,1,0,0,2.763e-05,0.0533469,0
1495082768.193224061,4,1,0,0,2.763e-05,0.0533469,0
1495082768.199882436,4,1,0,0,2.96795e-05,0.0533469,0
1495082768.206551393,4,1,0,0,2.96795e-05,0.0526738,0
1495082768.213202060,4,1,0,0,2.96795e-05,0.0526738,0
1495082768.219898475,4,1,0,0,2.96795e-05,0.0526738,0
1495082768.226550975,4,1,0,0,2.96795e-05,0.0526738,0
1495082768.233211891,4,1,0,0,2.96795e-05,0.0526738,-0.93957
1495082768.239924765,4,1,0,0,4.75098e-05,0.0526738,0
1495082768.246573931,4,1,0,0,4.75098e-05,0.0521931,0
1495082768.253474053,4,1,0,0,4.75098e-05,0.0521931,0
1495082768.259881389,4,1,0,0,4.75098e-05,0.0521931,0
1495082768.266573221,4,1,0,0,4.75098e-05,0.0521931,0
1495082768.273263096,4,1,0,0,4.75098e-05,0.0521931,0
1495082768.279881971,4,1,0,0,5.33267e-05,0.0521931,0
1495082768.286550678,4,1,0,0,5.33267e-05,0.0512654,0
1495082768.293209095,4,1,0,0,5.33267e-05,0.0512654,0
1495082768.299884594,4,1,0,0,5.33267e-05,0.0512654,0
1495082768.306534552,4,1,0,0,5.33267e-05,0.0512654,0
1495082768.313374591,4,1,0,0,5.33267e-05,0.0512654,0
1495082768.319877384,4,1,0,0,5.69507e-05,0.0512654,0
1495082768.326545508,4,1,0,0,5.69507e-05,0.0501764,0
1495082768.333206508,4,1,0,0,5.69507e-05,0.0501764,0
1495082768.339889049,4,1,0,0,5.69507e-05,0.0501764,0
1495082768.346547507,4,1,0,0,5.69507e-05,0.0501764,0
1495082768.353700250,4,1,0,0,5.69507e-05,0.0501764,0
1495082768.359902922,4,1,0,0,5.18025e-05,0.0501764,-0.880515
1495082768.366558672,4,1,0,0,5.18025e-05,0.0489011,0
1495082768.373217838,4,1,0,0,5.18025e-05,0.0489011,0
1495082768.379880087,4,1,0,0,5.18025e-05,0.0489011,0
1495082768.386553962,4,1,0,0,5.18025e-05,0.0489011,0
1495082768.393239294,4,1,0,0,5.18025e-05,0.0489011,0
1495082768.399887377,4,1,0,0,9.74286e-05,0.0489011,0
1495082768.406559126,4,1,0,0,9.74286e-05,0.047331,0
1495082768.413209709,4,1,0,0,9.74286e-05,0.047331,0
1495082768.419876876,4,1,0,0,9.74286e-05,0.047331,0
1495082768.426541625,4,1,0,0,9.74286e-05,0.047331,0
1495082768.433236666,4,1,0,0,9.74286e-05,0.047331,0
1495082768.439873749,4,1,0,0,0.000156351,0.047331,0
1495082768.446544332,4,1,0,0,0.000156351,0.0457994,0
1495082768.453228497,4,1,0,0,0.000156351,0.0457994,0
1495082768.459874164,4,1,0,0,0.000156351,0.0457994,0
1495082768.466550997,4,1,0,0,0.000156351,0.0457994,0
1495082768.473208538,4,1,0,0,0.000156351,0.0457994,0
1495082768.479875412,4,1,0,0,0.000167273,0.0457994,-0.67294
1495082768.486537787,4,1,0,0,0.000167273,0.0439937,0
1495082768.493208328,4,1,0,0,0.000167273,0.0439937,0
1495082768.499900952,4,1,0,0,0.000167273,0.0439937,0
1495082768.506576076,4,1,0,0,0.000167273,0.0439937,0
1495082768.513277867,4,1,0,0,0.000167273,0.0439937,0
1495082768.519892075,4,1,0,0,0.000161832,0.0439937,0
1495082768.526560950,4,1,0,0,0.000161832,0.0419414,0
1495082768.533213574,4,1,0,0,0.000161832,0.0419414,0
1495082768.539868199,4,1,0,0,0.000161832,0.0419414,0
1495082768.546535115,4,1,0,0,0.000161832,0.0419414,0
1495082768.553245031,4,1,0,0,0.000161832,0.0419414,0
1495082768.559882405,4,1,0,0,0.000193168,0.0419414,0
1495082768.566555780,4,1,0,0,0.000193168,0.0399756,0
1495082768.573221071,4,1,0,0,0.000193168,0.0399756,0
1495082768.579867946,4,1,0,0,0.000193168,0.0399756,0
1495082768.586554736,4,1,0,0,0.000193168,0.0399756,0
1495082768.593236569,4,1,0,0,0.000201004,0.0399756,0
1495082768.599873735,4,1,0,0,0.000201004,0.0383002,0
1495082768.606590859,4,1,0,0,0.000201004,0.0383002,-0.108505
1495082768.613280358,4,1,0,0,0.000201004,0.0383002,0
1495082768.619900567,4,1,0,0,0.000201004,0.0383002,0
1495082768.626584316,4,1,0,0,0.000201004,0.0383002,0
1495082768.633466188,4,1,0,0,0.000201004,0.0383002,0
1495082768.639887815,4,1,0,0,0.000201004,0.0383002,0
1495082768.646558106,4,1,0,0,0.000201004,0.0383002,0
1495082768.653323729,4,1,0,0,0.000214277,0.0383002,0
1495082768.659885855,4,1,0,0,0.000214277,0.0361626,0
1495082768.666552730,4,1,0,0,0.000318778,0.0361626,0
1495082768.673207271,4,1,0,0,0.000318778,0.0345365,0
1495082768.679871979,4,1,0,0,0.000318778,0.0345365,0
1495082768.686541270,4,1,0,0,0.000318778,0.0345365,0
1495082768.693224686,4,1,0,0,0.000318778,0.0345365,0
1495082768.699881852,4,1,0,0,0.000324975,0.0345365,0
1495082768.706541560,4,1,0,0,0.000324975,0.0325189,0
1495082768.713202976,4,1,0,0,0.000324975,0.0325189,0
1495082768.719880767,4,1,0,0,0.000324975,0.0325189,0
1495082768.726605682,4,1,0,0,0.000324975,0.0325189,0
1495082768.733242890,4,1,0,0,0.000324975,0.0325189,0
1495082768.739870724,4,1,0,0,0.00032471,0.0325189,-0.108505
1495082768.746541306,4,1,0,0,0.00032471,0.0306661,0
1495082768.753214889,4,1,0,0,0.00032471,0.0306661,0
1495082768.759888680,4,1,0,0,0.00032471,0.0306661,0
1495082768.766569971,4,1,0,0,0.00032471,0.0306661,0
1495082768.773223512,4,1,0,0,0.000357694,0.0306661,0
1495082768.779882470,4,1,0,0,0.000357694,0.0291816,0
1495082768.786540386,4,1,0,0,0.000357694,0.0291816,0
1495082768.793232635,4,1,0,0,0.000357694,0.0291816,0
1495082768.799874094,4,1,0,0,0.000357694,0.0291816,0
1495082768.806540760,4,1,0,0,0.000357694,0.0291816,0
1495082768.813226217,4,1,0,0,0.000297412,0.0291816,0
1495082768.819883008,4,1,0,0,0.000297412,0.0278335,0
1495082768.826537841,4,1,0,0,0.000297412,0.0278335,0
1495082768.833209007,4,1,0,0,0.000297412,0.0278335,0
1495082768.839874132,4,1,0,0,0.000297412,0.0278335,0
1495082768.846646672,4,1,0,0,0.00027821,0.0278335,0
1495082768.853180673,4,1,0,0,0.00027821,0.0261021,0
1495082768.859917213,4,1,0,0,0.00027821,0.0261021,0.554791
1495082768.866567004,4,1,0,0,0.00027821,0.0261021,0
1495082768.873241712,4,1,0,0,0.00027821,0.0261021,0
1495082768.879911170,4,1,0,0,0.000288893,0.0261021,0
1495082768.886683834,4,1,0,0,0.000288893,0.0244219,0
1495082768.894495070,4,1,0,0,0.000288893,0.0244219,0
1495082768.899881543,4,1,0,0,0.000288893,0.0244219,0
1495082768.906599501,4,1,0,0,0.000288893,0.0244219,0
1495082768.913210501,4,1,0,0,0.000288893,0.0244219,0
1495082768.919890875,4,1,0,0,0.000257916,0.0244219,0
1495082768.926541291,4,1,0,0,0.000257916,0.0227131,0
1495082768.933237124,4,1,0,0,0.000257916,0.0227131,0
1495082768.939872873,4,1,0,0,0.000257916,0.0227131,0
1495082768.946542290,4,1,0,0,0.000257916,0.0227131,0
1495082768.953206081,4,1,0,0,0.000221121,0.0227131,0
1495082768.959882080,4,1,0,0,0.000221121,0.0212746,0
1495082768.966544704,4,1,0,0,0.000221121,0.0212746,0
1495082768.973206579,4,1,0,0,0.000221121,0.0212746,0
1495082768.979899911,4,1,0,0,0.000221121,0.0212746,0
1495082768.986557494,4,1,0,0,0.000221121,0.0212746,0
1495082768.993242535,4,1,0,0,0.000282113,0.0212746,0.442931
1495082768.999892410,3,1,0,0,0.000282113,0.0199775,0
1495082769.119899610,3,0,0,0.2,0.0321877,0,0.354262
1495082769.259874892,3,0,0,0.2,0.0256214,0,0.281735
1495082769.393255341,3,0,0,0.2,0.0236216,0,0.23378
1495082769.526541166,3,0,0,0.2,0.0349648,0,0.190205
1495082769.673400237,3,0,0,0.2,0.043031,0,0.139063
1495082769.806539522,3,0,0,0.2,0.0461218,0,0.108506
1495082769.926567097,3,0,0,0.2,0.0505587,0,0.0701848
1495082770.059958630,3,0,0,0.2,0.0599406,0,0.0676634
1495082770.193311873,3,0,0,0.2,0.0580571,0,0.0386137
1495082770.326555658,3,0,0,0.2,0.076874,0,0.0629334
1495082770.459882318,3,0,0,0.2,0.0810457,0,0.0591478
1495082770.586549853,3,0,0,0.2,0.0818316,0,0.062618
1495082770.719876305,3,0,0,0.2,0.0843686,0,0.0569384
1495082770.866584339,3,0,0,0.2,0.0817445,0,0.0243788
1495082771.006570415,3,0,0,0.2,0.0865165,0,0.0569384
1495082771.139880994,3,0,0,0.2,0.0766473,0,0.031656
1495082771.286539239,3,0,0,0.2,0.0706562,0,0.0189979
1495082771.413262609,3,0,0,0.2,0.0820955,0,0.0506235
1495082771.546540146,3,0,0,0.2,0.086421,0,0.0484121
1495082771.673214433,3,0,0,0.2,0.0842609,0,0.0284923
1495082771.806539679,3,0,0,0.2,0.0812408,0,0.062618
1495082771.939874257,3,0,0,0.2,0.0802833,0,0.0227961
1495082772.073207212,3,0,0,0.2,0.0795397,0,0.0398788
1495082772.213241542,3,0,0,0.2,0.0756801,0,-0.0113995
1495082772.353241706,3,0,0,0.2,0.081121,0,0.0170983
1495082772.486546079,3,0,0,0.2,0.0851047,0,0.0455684
1495082772.619905451,3,0,0,0.2,0.0809131,0,0.00760009
1495082772.759892824,3,0,0,0.2,0.0774475,0,0.00221682
1495082772.893208655,3,0,0,0.2,0.0687497,0,0.0303909
1495082773.026541736,3,0,0,0.2,0.07